1	45
2	99
3	37
4	20
5	160
6	58
7	26
8	108
9	83
10	318
11	100
12	18
13	87
14	20
15	157
16	29
17	160
18	239
19	199
20	18
21	13
22	237
23	241
24	110
25	68
26	308
27	50
28	83
29	89
30	37
31	102
32	41
33	309
34	129
35	153
36	269
37	38
38	81
39	50
40	77
41	24
42	190
43	19
44	161
45	229
46	35
47	20
48	470
49	83
50	32
51	30
52	66
53	554
54	36
55	23
56	54
57	47
58	339
59	167
60	54
61	28
62	379
63	73
64	21
65	101
66	21
67	54
68	59
69	49
70	44
71	21
72	37
73	203
74	33
75	142
76	69
77	27
78	108
79	25
80	36
81	72
82	91
83	85
84	26
85	30
86	39
87	53
88	56
89	14
90	171
91	37
92	337
93	183
94	14
95	75
96	62
97	120
98	18
99	82
100	58
101	87
102	109
103	90
104	40
105	48
106	38
107	91
108	31
109	68
110	61
111	73
112	49
113	59
114	78
115	31
116	63
117	405
118	184
119	76
120	52
121	60
122	48
123	476
124	19
125	61
126	42
127	141
128	19
129	128
130	108
131	229
132	66
133	131
134	141
135	52
136	296
137	155
138	51
139	196
140	41
141	19
142	38
143	56
144	25
145	33
146	350
147	142
148	487
149	463
150	188
151	358
152	19
153	22
154	36
155	77
156	123
157	333
158	18
159	30
160	16
161	227
162	79
163	397
164	19
165	87
166	315
167	49
168	18
169	423
170	70
171	20
172	13
173	460
174	75
175	249
176	63
177	34
178	91
179	88
180	44
181	236
182	66
183	84
184	68
185	39
186	96
187	328
188	49
189	26
190	120
191	20
192	419
193	191
194	49
195	646
196	26
197	19
198	311
199	326
200	25
201	74
202	520
203	93
204	342
205	113
206	25
207	16
208	149
209	22
210	86
211	29
212	85
213	17
214	130
215	30
216	649
217	19
218	69
219	27
220	82
221	27
222	54
223	205
224	165
225	404
226	20
227	19
228	28
229	160
230	148
231	81
232	75
233	39
234	26
235	348
236	44
237	133
238	199
239	51
240	119
241	41
242	220
243	22
244	66
245	621
246	20
247	26
248	27
249	84
250	16
251	59
252	45
253	46
254	21
255	197
256	72
257	43
258	117
259	116
260	127
261	291
262	80
263	78
264	373
265	74
266	39
267	102
268	208
269	23
270	103
271	254
272	361
273	156
274	114
275	70
276	18
277	18
278	149
279	33
280	39
281	87
282	26
283	21
284	357
285	109
286	36
287	77
288	46
289	63
290	30
291	79
292	35
293	267
294	42
295	146
296	79
297	69
298	20
299	81
300	191
301	287
302	604
303	165
304	21
305	132
306	154
307	147
308	435
309	102
310	180
311	17
312	42
313	20
314	245
315	18
316	61
317	19
318	20
319	559
320	18
321	187
322	32
323	97
324	63
325	39
326	301
327	191
328	48
329	586
330	59
331	466
332	52
333	184
334	47
335	116
336	75
337	150
338	295
339	96
340	85
341	16
342	95
343	225
344	70
345	19
346	228
347	75
348	78
349	206
350	47
351	83
352	682
353	22
354	41
355	339
356	18
357	45
358	60
359	33
360	60
361	22
362	45
363	35
364	21
365	35
366	207
367	19
368	261
369	65
370	49
371	57
372	139
373	21
374	40
375	44
376	95
377	114
378	35
379	49
380	101
381	27
382	46
383	16
384	17
385	114
386	211
387	47
388	41
389	53
390	157
391	67
392	379
393	57
394	32
395	15
396	135
397	23
398	185
399	28
400	29
401	57
402	221
403	217
404	43
405	40
406	111
407	27
408	121
409	238
410	73
411	500
412	375
413	85
414	51
415	217
416	50
417	19
418	45
419	88
420	49
421	17
422	39
423	54
424	955
425	148
426	181
427	20
428	39
429	276
430	48
431	64
432	56
433	32
434	33
435	108
436	109
437	41
438	495
439	75
440	21
441	39
442	337
443	28
444	87
445	241
446	43
447	36
448	15
449	42
450	42
451	162
452	104
453	319
454	205
455	22
456	128
457	196
458	33
459	26
460	33
461	407
462	141
463	93
464	68
465	27
466	160
467	54
468	22
469	39
470	56
471	88
472	40
473	42
474	254
475	194
476	336
477	173
478	40
479	71
480	87
481	157
482	650
483	22
484	25
485	39
486	32
487	42
488	20
489	18
490	62
491	18
492	28
493	127
494	147
495	32
496	95
497	19
498	130
499	155
500	79
501	54
502	19
503	27
504	83
505	94
506	74
507	35
508	115
509	577
510	81
511	23
512	29
513	119
514	61
515	126
516	232
517	140
518	205
519	36
520	254
521	34
522	49
523	80
524	805
525	31
526	46
527	22
528	437
529	90
530	84
531	668
532	33
533	482
534	81
535	15
536	171
537	83
538	38
539	108
540	29
541	157
542	29
543	516
544	63
545	25
546	170
547	66
548	99
549	894
550	774
551	184
552	73
553	50
554	30
555	30
556	188
557	48
558	234
559	14
560	103
561	25
562	28
563	258
564	43
565	22
566	411
567	56
568	20
569	92
570	186
571	112
572	18
573	27
574	18
575	128
576	43
577	128
578	18
579	60
580	34
581	34
582	59
583	139
584	33
585	119
586	26
587	300
588	361
589	23
590	132
591	191
592	19
593	85
594	135
595	81
596	33
597	47
598	30
599	21
600	19
601	283
602	121
603	47
604	240
605	95
606	26
607	16
608	141
609	44
610	104
611	106
612	38
613	81
614	49
615	73
616	37
617	17
618	35
619	17
620	135
621	188
622	48
623	142
624	289
625	32
626	57
627	28
628	41
629	191
630	91
631	258
632	30
633	32
634	55
635	143
636	67
637	294
638	92
639	311
640	15
641	93
642	21
643	60
644	88
645	33
646	206
647	178
648	133
649	61
650	35
651	374
652	105
653	18
654	149
655	329
656	138
657	50
658	77
659	85
660	558
661	53
662	98
663	92
664	125
665	16
666	85
667	128
668	32
669	336
670	74
671	103
672	38
673	329
674	65
675	35
676	307
677	153
678	784
679	72
680	32
681	29
682	63
683	23
684	31
685	113
686	20
687	255
688	32
689	109
690	146
691	86
692	513
693	56
694	36
695	142
696	316
697	101
698	211
699	531
700	20
701	69
702	379
703	13
704	53
705	109
706	124
707	43
708	16
709	62
710	702
711	120
712	230
713	183
714	335
715	79
716	313
717	26
718	131
719	26
720	187
721	535
722	45
723	18
724	128
725	62
726	59
727	198
728	129
729	121
730	43
731	521
732	146
733	96
734	37
735	310
736	91
737	184
738	26
739	101
740	31
741	63
742	30
743	123
744	231
745	22
746	336
747	30
748	62
749	373
750	45
751	21
752	804
753	177
754	126
755	107
756	29
757	377
758	23
759	79
760	49
761	18
762	39
763	19
764	105
765	323
766	34
767	137
768	40
769	57
770	626
771	21
772	71
773	36
774	177
775	17
776	80
777	400
778	130
779	37
780	391
781	187
782	19
783	94
784	23
785	81
786	49
787	89
788	152
789	87
790	21
791	267
792	63
793	114
794	38
795	125
796	375
797	69
798	269
799	29
800	199
801	223
802	411
803	44
804	40
805	60
806	58
807	26
808	217
809	80
810	103
811	52
812	70
813	55
814	34
815	24
816	163
817	326
818	143
819	49
820	84
821	19
822	238
823	94
824	249
825	34
826	28
827	19
828	93
829	110
830	138
831	43
832	137
833	14
834	32
835	22
836	59
837	58
838	145
839	622
840	196
841	24
842	28
843	106
844	66
845	37
846	203
847	47
848	48
849	89
850	420
851	58
852	27
853	93
854	399
855	515
856	41
857	60
858	158
859	127
860	31
861	63
862	84
863	50
864	108
865	34
866	29
867	36
868	59
869	676
870	30
871	36
872	76
873	140
874	17
875	67
876	96
877	492
878	35
879	35
880	88
881	724
882	67
883	21
884	73
885	54
886	28
887	78
888	51
889	1213
890	170
891	178
892	26
893	87
894	54
895	46
896	50
897	150
898	17
899	258
900	20
901	21
902	16
903	62
904	196
905	89
906	17
907	15
908	33
909	59
910	127
911	422
912	26
913	34
914	52
915	85
916	39
917	23
918	114
919	252
920	58
921	128
922	265
923	40
924	161
925	56
926	90
927	147
928	167
929	289
930	74
931	122
932	17
933	46
934	397
935	299
936	71
937	273
938	23
939	130
940	93
941	22
942	21
943	73
944	38
945	130
946	25
947	15
948	417
949	288
950	44
951	16
952	122
953	139
954	99
955	266
956	86
957	257
958	120
959	74
960	102
961	35
962	42
963	335
964	61
965	62
966	126
967	75
968	46
969	24
970	440
971	181
972	31
973	176
974	44
975	324
976	37
977	192
978	37
979	60
980	105
981	182
982	38
983	67
984	547
985	115
986	20
987	130
988	54
989	33
990	80
991	50
992	23
993	42
994	31
995	39
996	218
997	26
998	111
999	322
1000	64
1001	290
1002	52
1003	22
1004	384
1005	74
1006	36
1007	25
1008	36
1009	41
1010	793
1011	31
1012	43
1013	37
1014	31
1015	1036
1016	119
1017	421
1018	99
1019	737
1020	75
1021	103
1022	117
1023	31
1024	36
1025	25
1026	36
1027	34
1028	55
1029	202
1030	137
1031	131
1032	77
1033	152
1034	277
1035	71
1036	38
1037	30
1038	118
1039	20
1040	206
1041	67
1042	35
1043	31
1044	108
1045	30
1046	19
1047	58
1048	30
1049	28
1050	441
1051	678
1052	50
1053	264
1054	102
1055	62
1056	63
1057	146
1058	275
1059	425
1060	67
1061	44
1062	156
1063	73
1064	72
1065	73
1066	90
1067	74
1068	464
1069	484
1070	19
1071	118
1072	90
1073	86
1074	150
1075	33
1076	35
1077	243
1078	92
1079	97
1080	44
1081	21
1082	46
1083	21
1084	136
1085	31
1086	258
1087	310
1088	944
1089	59
1090	59
1091	24
1092	44
1093	61
1094	128
1095	29
1096	221
1097	131
1098	22
1099	145
1100	419
1101	405
1102	24
1103	52
1104	42
1105	135
1106	55
1107	63
1108	41
1109	165
1110	38
1111	25
1112	544
1113	257
1114	100
1115	98
1116	114
1117	608
1118	25
1119	322
1120	581
1121	223
1122	90
1123	21
1124	298
1125	448
1126	19
1127	105
1128	397
1129	78
1130	220
1131	77
1132	127
1133	126
1134	115
1135	142
1136	42
1137	444
1138	65
1139	133
1140	302
1141	363
1142	213
1143	47
1144	17
1145	38
1146	306
1147	255
1148	47
1149	69
1150	1037
1151	240
1152	120
1153	60
1154	17
1155	146
1156	60
1157	13
1158	50
1159	95
1160	90
1161	70
1162	128
1163	55
1164	356
1165	123
1166	21
1167	55
1168	184
1169	100
1170	196
1171	20
1172	347
1173	291
1174	22
1175	50
1176	98
1177	63
1178	25
1179	179
1180	27
1181	1213
1182	291
1183	150
1184	224
1185	68
1186	170
1187	24
1188	25
1189	25
1190	18
1191	80
1192	25
1193	225
1194	513
1195	78
1196	92
1197	19
1198	79
1199	142
1200	31
1201	46
1202	415
1203	585
1204	107
1205	70
1206	113
1207	484
1208	40
1209	174
1210	32
1211	304
1212	63
1213	19
1214	45
1215	101
1216	173
1217	38
1218	193
1219	171
1220	146
1221	171
1222	51
1223	121
1224	450
1225	23
1226	14
1227	130
1228	211
1229	26
1230	204
1231	85
1232	109
1233	42
1234	19
1235	38
1236	22
1237	25
1238	38
1239	70
1240	26
1241	160
1242	489
1243	277
1244	444
1245	29
1246	456
1247	25
1248	75
1249	23
1250	17
1251	36
1252	91
1253	55
1254	88
1255	184
1256	25
1257	46
1258	34
1259	47
1260	405
1261	169
1262	116
1263	222
1264	573
1265	264
1266	572
1267	128
1268	161
1269	26
1270	23
1271	137
1272	224
1273	265
1274	480
1275	27
1276	63
1277	28
1278	52
1279	301
1280	39
1281	105
1282	19
1283	35
1284	399
1285	917
1286	52
1287	79
1288	97
1289	33
1290	49
1291	228
1292	39
1293	56
1294	208
1295	31
1296	39
1297	393
1298	506
1299	188
1300	130
1301	240
1302	44
1303	536
1304	71
1305	15
1306	373
1307	16
1308	67
1309	20
1310	21
1311	158
1312	116
1313	25
1314	188
1315	70
1316	31
1317	625
1318	19
1319	26
1320	88
1321	141
1322	300
1323	122
1324	86
1325	221
1326	30
1327	52
1328	88
1329	323
1330	37
1331	123
1332	29
1333	415
1334	47
1335	238
1336	18
1337	46
1338	104
1339	170
1340	636
1341	71
1342	72
1343	227
1344	57
1345	141
1346	18
1347	125
1348	115
1349	38
1350	88
1351	13
1352	123
1353	52
1354	533
1355	42
1356	361
1357	141
1358	182
1359	68
1360	82
1361	108
1362	167
1363	13
1364	46
1365	58
1366	116
1367	167
1368	38
1369	318
1370	121
1371	33
1372	42
1373	59
1374	84
1375	47
1376	72
1377	424
1378	50
1379	27
1380	190
1381	52
1382	30
1383	642
1384	15
1385	16
1386	66
1387	181
1388	49
1389	327
1390	238
1391	164
1392	199
1393	91
1394	19
1395	243
1396	148
1397	46
1398	35
1399	235
1400	42
1401	45
1402	44
1403	47
1404	259
1405	37
1406	17
1407	142
1408	112
1409	68
1410	55
1411	44
1412	20
1413	130
1414	60
1415	140
1416	18
1417	26
1418	216
1419	37
1420	219
1421	155
1422	584
1423	67
1424	35
1425	603
1426	308
1427	125
1428	42
1429	18
1430	102
1431	13
1432	30
1433	71
1434	206
1435	28
1436	49
1437	126
1438	33
1439	26
1440	113
1441	76
1442	127
1443	35
1444	23
1445	26
1446	72
1447	785
1448	834
1449	991
1450	85
1451	596
1452	16
1453	20
1454	19
1455	53
1456	19
1457	233
1458	77
1459	14
1460	23
1461	36
1462	30
1463	94
1464	91
1465	472
1466	198
1467	75
1468	79
1469	22
1470	573
1471	23
1472	182
1473	192
1474	100
1475	56
1476	57
1477	25
1478	26
1479	23
1480	34
1481	81
1482	44
1483	210
1484	254
1485	21
1486	36
1487	36
1488	17
1489	396
1490	142
1491	199
1492	89
1493	14
1494	75
1495	147
1496	468
1497	162
1498	96
1499	107
1500	94
1501	431
1502	215
1503	218
1504	31
1505	257
1506	85
1507	90
1508	22
1509	241
1510	26
1511	76
1512	27
1513	112
1514	109
1515	18
1516	238
1517	52
1518	21
1519	69
1520	18
1521	58
1522	66
1523	80
1524	203
1525	72
1526	20
1527	82
1528	45
1529	22
1530	308
1531	33
1532	96
1533	64
1534	16
1535	24
1536	31
1537	26
1538	72
1539	23
1540	93
1541	22
1542	229
1543	140
1544	126
1545	167
1546	269
1547	106
1548	39
1549	15
1550	22
1551	134
1552	199
1553	34
1554	25
1555	56
1556	277
1557	40
1558	24
1559	36
1560	138
1561	118
1562	34
1563	67
1564	103
1565	36
1566	18
1567	85
1568	20
1569	72
1570	59
1571	128
1572	34
1573	24
1574	41
1575	41
1576	39
1577	99
1578	28
1579	610
1580	29
1581	31
1582	14
1583	42
1584	372
1585	88
1586	330
1587	408
1588	41
1589	81
1590	31
1591	249
1592	252
1593	168
1594	124
1595	113
1596	21
1597	178
1598	149
1599	442
1600	317
1601	160
1602	86
1603	60
1604	19
1605	750
1606	159
1607	209
1608	112
1609	287
1610	24
1611	428
1612	13
1613	639
1614	48
1615	16
1616	200
1617	170
1618	66
1619	24
1620	29
1621	17
1622	22
1623	52
1624	281
1625	29
1626	219
1627	35
1628	364
1629	49
1630	94
1631	218
1632	594
1633	23
1634	91
1635	621
1636	142
1637	67
1638	30
1639	441
1640	137
1641	181
1642	56
1643	192
1644	36
1645	412
1646	52
1647	689
1648	123
1649	48
1650	168
1651	27
1652	20
1653	22
1654	37
1655	142
1656	20
1657	40
1658	315
1659	47
1660	45
1661	26
1662	20
1663	39
1664	15
1665	45
1666	314
1667	394
1668	21
1669	24
1670	38
1671	506
1672	35
1673	62
1674	17
1675	441
1676	702
1677	34
1678	101
1679	68
1680	1474
1681	93
1682	21
1683	137
1684	51
1685	340
1686	25
1687	322
1688	104
1689	91
1690	122
1691	39
1692	160
1693	240
1694	301
1695	153
1696	260
1697	285
1698	763
1699	278
1700	35
1701	424
1702	66
1703	21
1704	31
1705	71
1706	166
1707	64
1708	13
1709	181
1710	66
1711	19
1712	394
1713	19
1714	213
1715	38
1716	148
1717	327
1718	28
1719	19
1720	38
1721	91
1722	174
1723	113
1724	121
1725	28
1726	307
1727	393
1728	34
1729	43
1730	19
1731	56
1732	28
1733	640
1734	60
1735	62
1736	146
1737	601
1738	49
1739	60
1740	52
1741	517
1742	37
1743	75
1744	115
1745	54
1746	245
1747	92
1748	429
1749	454
1750	64
1751	14
1752	355
1753	226
1754	24
1755	291
1756	36
1757	299
1758	354
1759	206
1760	48
1761	92
1762	60
1763	24
1764	498
1765	87
1766	23
1767	235
1768	112
1769	61
1770	73
1771	22
1772	25
1773	48
1774	31
1775	130
1776	336
1777	42
1778	431
1779	122
1780	459
1781	84
1782	31
1783	16
1784	42
1785	43
1786	43
1787	23
1788	27
1789	43
1790	269
1791	117
1792	31
1793	222
1794	363
1795	14
1796	147
1797	125
1798	47
1799	68
1800	210
1801	17
1802	157
1803	231
1804	88
1805	142
1806	160
1807	159
1808	24
1809	47
1810	29
1811	22
1812	554
1813	17
1814	41
1815	31
1816	47
1817	99
1818	37
1819	95
1820	238
1821	19
1822	50
1823	17
1824	132
1825	114
1826	44
1827	37
1828	109
1829	23
1830	24
1831	83
1832	33
1833	79
1834	50
1835	605
1836	336
1837	628
1838	22
1839	68
1840	16
1841	167
1842	372
1843	90
1844	18
1845	174
1846	46
1847	35
1848	19
1849	17
1850	63
1851	400
1852	38
1853	120
1854	199
1855	63
1856	106
1857	31
1858	83
1859	33
1860	226
1861	377
1862	30
1863	79
1864	17
1865	253
1866	120
1867	39
1868	41
1869	38
1870	126
1871	93
1872	27
1873	158
1874	50
1875	260
1876	27
1877	114
1878	65
1879	208
1880	756
1881	43
1882	178
1883	343
1884	547
1885	48
1886	25
1887	97
1888	27
1889	489
1890	155
1891	221
1892	21
1893	24
1894	143
1895	73
1896	172
1897	532
1898	18
1899	596
1900	31
1901	120
1902	214
1903	148
1904	268
1905	35
1906	22
1907	21
1908	164
1909	44
1910	41
1911	27
1912	777
1913	30
1914	17
1915	27
1916	314
1917	81
1918	18
1919	43
1920	468
1921	67
1922	327
1923	49
1924	67
1925	242
1926	450
1927	12
1928	177
1929	23
1930	258
1931	72
1932	59
1933	22
1934	46
1935	43
1936	18
1937	233
1938	139
1939	173
1940	53
1941	1268
1942	47
1943	546
1944	58
1945	56
1946	61
1947	125
1948	134
1949	86
1950	107
1951	97
1952	198
1953	27
1954	129
1955	36
1956	53
1957	37
1958	673
1959	49
1960	176
1961	75
1962	425
1963	65
1964	17
1965	50
1966	34
1967	18
1968	349
1969	418
1970	48
1971	25
1972	61
1973	27
1974	417
1975	36
1976	99
1977	49
1978	120
1979	30
1980	985
1981	54
1982	122
1983	434
1984	226
1985	128
1986	20
1987	39
1988	498
1989	20
1990	28
1991	22
1992	67
1993	20
1994	25
1995	68
1996	147
1997	31
1998	297
1999	73
2000	79
2001	35
2002	132
2003	50
2004	92
2005	69
2006	31
2007	31
2008	130
2009	39
2010	584
2011	179
2012	482
2013	57
2014	41
2015	697
2016	266
2017	93
2018	361
2019	24
2020	362
2021	116
2022	154
2023	225
2024	203
2025	93
2026	173
2027	81
2028	22
2029	185
2030	455
2031	178
2032	46
2033	39
2034	27
2035	133
2036	53
2037	16
2038	344
2039	97
2040	41
2041	423
2042	208
2043	70
2044	18
2045	21
2046	68
2047	232
2048	27
2049	28
2050	204
2051	180
2052	26
2053	20
2054	270
2055	111
2056	198
2057	59
2058	81
2059	197
2060	213
2061	14
2062	69
2063	1078
2064	185
2065	23
2066	27
2067	159
2068	99
2069	61
2070	91
2071	197
2072	153
2073	519
2074	30
2075	33
2076	69
2077	557
2078	80
2079	75
2080	24
2081	36
2082	58
2083	33
2084	117
2085	216
2086	24
2087	42
2088	352
2089	78
2090	192
2091	126
2092	581
2093	42
2094	57
2095	62
2096	86
2097	140
2098	286
2099	30
2100	242
2101	85
2102	415
2103	78
2104	42
2105	409
2106	734
2107	25
2108	17
2109	596
2110	166
2111	12
2112	41
2113	43
2114	112
2115	45
2116	762
2117	39
2118	68
2119	137
2120	142
2121	155
2122	166
2123	27
2124	497
2125	185
2126	73
2127	141
2128	15
2129	277
2130	52
2131	263
2132	55
2133	16
2134	48
2135	19
2136	122
2137	50
2138	49
2139	45
2140	158
2141	20
2142	63
2143	92
2144	76
2145	172
2146	82
2147	69
2148	211
2149	43
2150	25
2151	32
2152	19
2153	272
2154	33
2155	53
2156	244
2157	121
2158	87
2159	27
2160	16
2161	92
2162	140
2163	74
2164	374
2165	191
2166	166
2167	178
2168	291
2169	33
2170	98
2171	88
2172	356
2173	225
2174	144
2175	141
2176	136
2177	158
2178	140
2179	128
2180	328
2181	721
2182	15
2183	31
2184	21
2185	234
2186	221
2187	112
2188	324
2189	28
2190	99
2191	32
2192	96
2193	20
2194	83
2195	213
2196	27
2197	44
2198	55
2199	98
2200	61
2201	45
2202	56
2203	422
2204	26
2205	401
2206	123
2207	20
2208	217
2209	14
2210	21
2211	242
2212	78
2213	33
2214	65
2215	146
2216	37
2217	33
2218	28
2219	165
2220	21
2221	119
2222	172
2223	397
2224	35
2225	324
2226	39
2227	41
2228	52
2229	30
2230	183
2231	355
2232	248
2233	160
2234	20
2235	109
2236	71
2237	334
2238	78
2239	84
2240	79
2241	91
2242	247
2243	43
2244	318
2245	45
2246	132
2247	206
2248	82
2249	58
2250	49
2251	331
2252	21
2253	25
2254	69
2255	141
2256	53
2257	26
2258	282
2259	178
2260	21
2261	191
2262	106
2263	189
2264	245
2265	190
2266	79
2267	46
2268	18
2269	18
2270	81
2271	266
2272	107
2273	51
2274	32
2275	29
2276	83
2277	20
2278	54
2279	337
2280	47
2281	63
2282	145
2283	35
2284	40
2285	42
2286	30
2287	22
2288	421
2289	32
2290	120
2291	31
2292	15
2293	222
2294	48
2295	17
2296	20
2297	35
2298	98
2299	57
2300	45
2301	35
2302	159
2303	254
2304	695
2305	64
2306	60
2307	117
2308	54
2309	141
2310	76
2311	17
2312	29
2313	34
2314	28
2315	34
2316	121
2317	47
2318	51
2319	49
2320	76
2321	82
2322	59
2323	216
2324	71
2325	28
2326	44
2327	45
2328	30
2329	32
2330	97
2331	58
2332	37
2333	45
2334	267
2335	76
2336	16
2337	44
2338	141
2339	19
2340	307
2341	47
2342	56
2343	25
2344	157
2345	17
2346	57
2347	20
2348	167
2349	90
2350	85
2351	108
2352	91
2353	164
2354	52
2355	116
2356	20
2357	25
2358	25
2359	46
2360	27
2361	33
2362	42
2363	25
2364	26
2365	35
2366	32
2367	42
2368	183
2369	23
2370	55
2371	63
2372	59
2373	19
2374	119
2375	24
2376	394
2377	33
2378	218
2379	21
2380	325
2381	19
2382	53
2383	359
2384	28
2385	19
2386	52
2387	51
2388	18
2389	238
2390	68
2391	58
2392	36
2393	114
2394	58
2395	177
2396	27
2397	44
2398	100
2399	13
2400	43
2401	36
2402	438
2403	144
2404	73
2405	43
2406	78
2407	120
2408	57
2409	105
2410	93
2411	265
2412	26
2413	21
2414	174
2415	31
2416	37
2417	20
2418	48
2419	419
2420	34
2421	46
2422	19
2423	60
2424	121
2425	45
2426	25
2427	96
2428	71
2429	100
2430	31
2431	21
2432	26
2433	23
2434	20
2435	97
2436	336
2437	34
2438	169
2439	78
2440	18
2441	23
2442	22
2443	22
2444	82
2445	195
2446	328
2447	46
2448	61
2449	17
2450	24
2451	125
2452	43
2453	493
2454	222
2455	137
2456	284
2457	417
2458	123
2459	100
2460	34
2461	83
2462	194
2463	80
2464	31
2465	184
2466	161
2467	19
2468	106
2469	50
2470	19
2471	32
2472	226
2473	33
2474	24
2475	27
2476	46
2477	55
2478	218
2479	28
2480	30
2481	103
2482	33
2483	54
2484	443
2485	200
2486	118
2487	32
2488	18
2489	315
2490	17
2491	84
2492	73
2493	69
2494	30
2495	28
2496	404
2497	96
2498	121
2499	38
2500	117
2501	75
2502	18
2503	170
2504	245
2505	26
2506	207
2507	685
2508	50
2509	36
2510	31
2511	20
2512	27
2513	53
2514	25
2515	45
2516	18
2517	43
2518	32
2519	37
2520	37
2521	46
2522	56
2523	102
2524	22
2525	44
2526	209
2527	18
2528	51
2529	628
2530	15
2531	28
2532	25
2533	108
2534	30
2535	55
2536	39
2537	427
2538	20
2539	30
2540	179
2541	199
2542	21
2543	19
2544	577
2545	40
2546	102
2547	114
2548	30
2549	19
2550	66
2551	63
2552	68
2553	17
2554	36
2555	124
2556	37
2557	58
2558	37
2559	153
2560	33
2561	64
2562	147
2563	21
2564	100
2565	235
2566	214
2567	267
2568	29
2569	32
2570	69
2571	51
2572	123
2573	80
2574	25
2575	138
2576	220
2577	41
2578	32
2579	51
2580	64
2581	328
2582	19
2583	257
2584	16
2585	87
2586	39
2587	20
2588	31
2589	169
2590	274
2591	35
2592	364
2593	105
2594	73
2595	132
2596	32
2597	53
2598	23
2599	185
2600	73
2601	23
2602	25
2603	36
2604	58
2605	154
2606	43
2607	48
2608	172
2609	163
2610	42
2611	344
2612	35
2613	15
2614	23
2615	50
2616	35
2617	71
2618	21
2619	69
2620	123
2621	244
2622	31
2623	42
2624	235
2625	116
2626	16
2627	389
2628	170
2629	210
2630	42
2631	69
2632	35
2633	28
2634	214
2635	48
2636	50
2637	44
2638	419
2639	30
2640	15
2641	257
2642	60
2643	364
2644	18
2645	212
2646	20
2647	18
2648	87
2649	176
2650	40
2651	93
2652	36
2653	19
2654	78
2655	57
2656	106
2657	19
2658	25
2659	133
2660	43
2661	78
2662	32
2663	125
2664	295
2665	656
2666	74
2667	31
2668	173
2669	97
2670	220
2671	17
2672	44
2673	16
2674	91
2675	33
2676	184
2677	33
2678	35
2679	276
2680	170
2681	181
2682	94
2683	208
2684	182
2685	154
2686	17
2687	20
2688	103
2689	81
2690	20
2691	192
2692	100
2693	100
2694	59
2695	47
2696	15
2697	24
2698	33
2699	82
2700	244
2701	89
2702	30
2703	73
2704	36
2705	20
2706	21
2707	17
2708	32
2709	27
2710	25
2711	27
2712	55
2713	22
2714	14
2715	63
2716	18
2717	20
2718	94
2719	86
2720	32
2721	28
2722	18
2723	68
2724	153
2725	25
2726	59
2727	67
2728	53
2729	22
2730	127
2731	222
2732	38
2733	79
2734	98
2735	19
2736	75
2737	320
2738	76
2739	23
2740	114
2741	33
2742	87
2743	339
2744	107
2745	156
2746	45
2747	116
2748	264
2749	72
2750	156
2751	142
2752	292
2753	387
2754	75
2755	18
2756	195
2757	98
2758	23
2759	15
2760	51
2761	392
2762	34
2763	21
2764	283
2765	169
2766	76
2767	22
2768	62
2769	116
2770	38
2771	227
2772	152
2773	69
2774	220
2775	21
2776	281
2777	696
2778	90
2779	132
2780	36
2781	235
2782	39
2783	40
2784	127
2785	114
2786	239
2787	117
2788	104
2789	70
2790	92
2791	40
2792	154
2793	609
2794	119
2795	87
2796	324
2797	37
2798	62
2799	17
2800	68
2801	81
2802	67
2803	92
2804	137
2805	66
2806	57
2807	251
2808	113
2809	83
2810	311
2811	63
2812	101
2813	20
2814	128
2815	42
2816	17
2817	69
2818	231
2819	15
2820	715
2821	26
2822	51
2823	38
2824	210
2825	185
2826	201
2827	25
2828	44
2829	37
2830	72
2831	29
2832	134
2833	47
2834	18
2835	32
2836	17
2837	178
2838	26
2839	27
2840	265
2841	370
2842	71
2843	33
2844	88
2845	42
2846	84
2847	306
2848	177
2849	123
2850	37
2851	26
2852	111
2853	64
2854	328
2855	56
2856	46
2857	638
2858	61
2859	102
2860	410
2861	35
2862	70
2863	97
2864	41
2865	66
2866	157
2867	22
2868	145
2869	31
2870	114
2871	22
2872	330
2873	179
2874	83
2875	27
2876	149
2877	32
2878	546
2879	22
2880	204
2881	70
2882	93
2883	120
2884	15
2885	147
2886	65
2887	457
2888	285
2889	155
2890	113
2891	49
2892	72
2893	17
2894	80
2895	414
2896	258
2897	96
2898	88
2899	341
2900	242
2901	188
2902	17
2903	114
2904	35
2905	107
2906	38
2907	667
2908	17
2909	973
2910	114
2911	56
2912	33
2913	255
2914	61
2915	57
2916	196
2917	53
2918	308
2919	136
2920	22
2921	102
2922	52
2923	13
2924	37
2925	19
2926	267
2927	42
2928	322
2929	285
2930	16
2931	176
2932	24
2933	96
2934	502
2935	106
2936	41
2937	83
2938	166
2939	111
2940	28
2941	280
2942	102
2943	90
2944	124
2945	54
2946	364
2947	118
2948	43
2949	38
2950	50
2951	50
2952	136
2953	73
2954	28
2955	158
2956	23
2957	51
2958	39
2959	54
2960	26
2961	30
2962	501
2963	35
2964	33
2965	20
2966	160
2967	433
2968	139
2969	144
2970	38
2971	27
2972	135
2973	46
2974	93
2975	77
2976	108
2977	20
2978	139
2979	36
2980	103
2981	24
2982	19
2983	45
2984	17
2985	150
2986	584
2987	38
2988	47
2989	86
2990	184
2991	47
2992	35
2993	66
2994	288
2995	259
2996	398
2997	136
2998	45
2999	109
3000	82
3001	250
3002	130
3003	65
3004	95
3005	95
3006	46
3007	189
3008	27
3009	18
3010	85
3011	78
3012	259
3013	368
3014	139
3015	37
3016	33
3017	299
3018	482
3019	23
3020	136
3021	16
3022	115
3023	49
3024	172
3025	118
3026	288
3027	17
3028	97
3029	601
3030	19
3031	388
3032	828
3033	109
3034	25
3035	61
3036	91
3037	47
3038	96
3039	45
3040	20
3041	85
3042	50
3043	22
3044	225
3045	122
3046	67
3047	54
3048	54
3049	59
3050	46
3051	316
3052	63
3053	148
3054	420
3055	239
3056	210
3057	120
3058	116
3059	35
3060	27
3061	29
3062	56
3063	56
3064	33
3065	227
3066	71
3067	639
3068	17
3069	166
3070	26
3071	20
3072	170
3073	45
3074	106
3075	199
3076	20
3077	65
3078	26
3079	68
3080	435
3081	299
3082	290
3083	77
3084	65
3085	100
3086	90
3087	231
3088	45
3089	43
3090	47
3091	50
3092	43
3093	148
3094	29
3095	137
3096	164
3097	54
3098	77
3099	133
3100	44
3101	216
3102	29
3103	32
3104	27
3105	102
3106	50
3107	58
3108	383
3109	43
3110	231
3111	98
3112	171
3113	32
3114	85
3115	24
3116	64
3117	29
3118	450
3119	65
3120	31
3121	218
3122	22
3123	125
3124	20
3125	281
3126	67
3127	29
3128	273
3129	388
3130	59
3131	63
3132	23
3133	14
3134	83
3135	99
3136	31
3137	39
3138	157
3139	48
3140	251
3141	51
3142	75
3143	176
3144	28
3145	82
3146	54
3147	172
3148	77
3149	22
3150	61
3151	146
3152	23
3153	38
3154	150
3155	70
3156	50
3157	126
3158	234
3159	205
3160	15
3161	54
3162	67
3163	678
3164	23
3165	23
3166	32
3167	166
3168	20
3169	109
3170	50
3171	109
3172	86
3173	74
3174	74
3175	73
3176	18
3177	43
3178	181
3179	19
3180	382
3181	21
3182	498
3183	84
3184	89
3185	68
3186	29
3187	23
3188	16
3189	397
3190	28
3191	296
3192	118
3193	151
3194	28
3195	150
3196	242
3197	104
3198	82
3199	81
3200	129
3201	336
3202	109
3203	122
3204	41
3205	248
3206	77
3207	80
3208	296
3209	173
3210	121
3211	72
3212	21
3213	116
3214	30
3215	30
3216	265
3217	279
3218	48
3219	103
3220	55
3221	30
3222	16
3223	50
3224	877
3225	18
3226	94
3227	265
3228	129
3229	160
3230	116
3231	118
3232	47
3233	124
3234	13
3235	27
3236	21
3237	54
3238	25
3239	59
3240	106
3241	46
3242	172
3243	170
3244	17
3245	59
3246	187
3247	25
3248	73
3249	53
3250	93
3251	42
3252	27
3253	137
3254	20
3255	41
3256	48
3257	63
3258	29
3259	308
3260	169
3261	430
3262	70
3263	89
3264	21
3265	402
3266	122
3267	74
3268	59
3269	68
3270	94
3271	253
3272	652
3273	16
3274	152
3275	18
3276	26
3277	117
3278	34
3279	81
3280	509
3281	157
3282	18
3283	190
3284	33
3285	490
3286	18
3287	20
3288	22
3289	60
3290	133
3291	15
3292	751
3293	32
3294	72
3295	59
3296	55
3297	111
3298	23
3299	226
3300	301
3301	252
3302	68
3303	19
3304	135
3305	94
3306	44
3307	18
3308	573
3309	230
3310	50
3311	729
3312	538
3313	378
3314	254
3315	139
3316	35
3317	93
3318	50
3319	106
3320	450
3321	65
3322	42
3323	108
3324	19
3325	22
3326	29
3327	281
3328	209
3329	104
3330	16
3331	99
3332	84
3333	148
3334	77
3335	21
3336	540
3337	66
3338	34
3339	71
3340	97
3341	111
3342	48
3343	41
3344	47
3345	109
3346	187
3347	34
3348	36
3349	111
3350	38
3351	24
3352	76
3353	205
3354	24
3355	24
3356	183
3357	55
3358	182
3359	72
3360	41
3361	126
3362	60
3363	189
3364	94
3365	291
3366	24
3367	286
3368	81
3369	23
3370	160
3371	378
3372	24
3373	20
3374	85
3375	22
3376	18
3377	133
3378	189
3379	27
3380	357
3381	16
3382	46
3383	42
3384	105
3385	24
3386	113
3387	108
3388	16
3389	455
3390	153
3391	966
3392	25
3393	203
3394	266
3395	48
3396	18
3397	20
3398	44
3399	117
3400	175
3401	668
3402	258
3403	162
3404	17
3405	32
3406	24
3407	15
3408	91
3409	34
3410	583
3411	285
3412	232
3413	105
3414	236
3415	127
3416	370
3417	71
3418	175
3419	100
3420	169
3421	20
3422	312
3423	255
3424	57
3425	388
3426	94
3427	29
3428	138
3429	23
3430	331
3431	49
3432	98
3433	66
3434	140
3435	101
3436	160
3437	44
3438	65
3439	71
3440	23
3441	243
3442	149
3443	22
3444	90
3445	117
3446	29
3447	72
3448	21
3449	46
3450	141
3451	52
3452	71
3453	236
3454	286
3455	19
3456	42
3457	132
3458	122
3459	24
3460	74
3461	31
3462	449
3463	27
3464	286
3465	45
3466	25
3467	41
3468	51
3469	364
3470	74
3471	657
3472	43
3473	130
3474	159
3475	513
3476	566
3477	108
3478	63
3479	71
3480	40
3481	109
3482	57
3483	520
3484	160
3485	35
3486	82
3487	255
3488	17
3489	87
3490	196
3491	574
3492	51
3493	125
3494	26
3495	19
3496	19
3497	73
3498	88
3499	338
3500	47
3501	147
3502	29
3503	397
3504	167
3505	79
3506	51
3507	715
3508	31
3509	324
3510	51
3511	156
3512	320
3513	254
3514	65
3515	75
3516	123
3517	96
3518	400
3519	518
3520	226
3521	309
3522	46
3523	36
3524	136
3525	72
3526	749
3527	26
3528	84
3529	181
3530	17
3531	62
3532	89
3533	76
3534	42
3535	25
3536	130
3537	47
3538	140
3539	856
3540	176
3541	23
3542	18
3543	76
3544	25
3545	24
3546	327
3547	283
3548	19
3549	29
3550	287
3551	70
3552	17
3553	32
3554	28
3555	108
3556	93
3557	299
3558	246
3559	55
3560	113
3561	207
3562	531
3563	162
3564	130
3565	115
3566	24
3567	55
3568	83
3569	344
3570	14
3571	83
3572	85
3573	28
3574	142
3575	30
3576	439
3577	59
3578	218
3579	204
3580	59
3581	25
3582	81
3583	25
3584	52
3585	196
3586	121
3587	34
3588	179
3589	563
3590	377
3591	161
3592	274
3593	56
3594	123
3595	24
3596	96
3597	62
3598	54
3599	146
3600	293
3601	123
3602	69
3603	250
3604	22
3605	93
3606	31
3607	207
3608	75
3609	118
3610	544
3611	166
3612	173
3613	55
3614	123
3615	142
3616	20
3617	41
3618	1057
3619	73
3620	335
3621	293
3622	135
3623	21
3624	270
3625	153
3626	685
3627	27
3628	23
3629	47
3630	146
3631	34
3632	25
3633	12
3634	19
3635	128
3636	20
3637	50
3638	100
3639	68
3640	63
3641	399
3642	19
3643	180
3644	29
3645	55
3646	70
3647	28
3648	505
3649	45
3650	624
3651	196
3652	228
3653	92
3654	212
3655	27
3656	60
3657	31
3658	214
3659	80
3660	47
3661	98
3662	70
3663	74
3664	111
3665	167
3666	34
3667	41
3668	30
3669	350
3670	56
3671	75
3672	157
3673	168
3674	67
3675	677
3676	82
3677	116
3678	109
3679	306
3680	41
3681	510
3682	70
3683	471
3684	114
3685	243
3686	54
3687	150
3688	234
3689	175
3690	318
3691	234
3692	59
3693	456
3694	35
3695	230
3696	122
3697	104
3698	90
3699	52
3700	55
3701	69
3702	35
3703	38
3704	170
3705	655
3706	57
3707	39
3708	27
3709	268
3710	55
3711	57
3712	113
3713	322
3714	36
3715	237
3716	310
3717	239
3718	213
3719	22
3720	162
3721	104
3722	27
3723	33
3724	465
3725	21
3726	262
3727	357
3728	52
3729	348
3730	14
3731	98
3732	159
3733	91
3734	42
3735	238
3736	92
3737	117
3738	27
3739	21
3740	40
3741	113
3742	101
3743	28
3744	29
3745	161
3746	284
3747	49
3748	22
3749	90
3750	29
3751	321
3752	146
3753	37
3754	236
3755	61
3756	309
3757	165
3758	41
3759	91
3760	248
3761	132
3762	328
3763	115
3764	24
3765	24
3766	94
3767	30
3768	550
3769	322
3770	218
3771	365
3772	44
3773	275
3774	41
3775	68
3776	37
3777	94
3778	733
3779	40
3780	241
3781	49
3782	48
3783	19
3784	34
3785	30
3786	50
3787	15
3788	20
3789	116
3790	98
3791	100
3792	650
3793	105
3794	33
3795	23
3796	165
3797	21
3798	25
3799	97
3800	58
3801	116
3802	14
3803	15
3804	150
3805	29
3806	138
3807	377
3808	894
3809	40
3810	56
3811	87
3812	88
3813	54
3814	28
3815	98
3816	245
3817	37
3818	39
3819	96
3820	30
3821	572
3822	151
3823	492
3824	798
3825	389
3826	24
3827	139
3828	36
3829	638
3830	115
3831	101
3832	83
3833	258
3834	440
3835	74
3836	411
3837	152
3838	19
3839	74
3840	52
3841	953
3842	533
3843	50
3844	105
3845	51
3846	56
3847	345
3848	68
3849	54
3850	298
3851	73
3852	44
3853	248
3854	65
3855	79
3856	40
3857	47
3858	133
3859	244
3860	141
3861	30
3862	21
3863	17
3864	148
3865	44
3866	73
3867	30
3868	226
3869	37
3870	21
3871	91
3872	38
3873	58
3874	88
3875	28
3876	39
3877	18
3878	389
3879	36
3880	43
3881	60
3882	149
3883	13
3884	526
3885	468
3886	77
3887	250
3888	119
3889	111
3890	55
3891	82
3892	381
3893	41
3894	134
3895	58
3896	123
3897	13
3898	84
3899	40
3900	320
3901	63
3902	120
3903	130
3904	84
3905	66
3906	50
3907	44
3908	128
3909	64
3910	203
3911	20
3912	74
3913	126
3914	87
3915	17
3916	401
3917	78
3918	24
3919	48
3920	54
3921	63
3922	145
3923	81
3924	56
3925	86
3926	52
3927	122
3928	25
3929	484
3930	159
3931	188
3932	21
3933	20
3934	553
3935	138
3936	28
3937	56
3938	80
3939	16
3940	379
3941	40
3942	488
3943	52
3944	38
3945	412
3946	214
3947	80
3948	75
3949	54
3950	62
3951	155
3952	42
3953	198
3954	32
3955	129
3956	23
3957	272
3958	126
3959	21
3960	25
3961	182
3962	58
3963	362
3964	55
3965	241
3966	37
3967	361
3968	69
3969	16
3970	210
3971	298
3972	21
3973	79
3974	98
3975	69
3976	238
3977	24
3978	102
3979	73
3980	32
3981	174
3982	70
3983	96
3984	54
3985	256
3986	43
3987	38
3988	164
3989	174
3990	66
3991	39
3992	343
3993	279
3994	159
3995	134
3996	88
3997	247
3998	242
3999	603
4000	54
4001	341
4002	45
4003	33
4004	99
4005	185
4006	172
4007	441
4008	20
4009	237
4010	16
4011	39
4012	40
4013	177
4014	183
4015	79
4016	545
4017	33
4018	122
4019	21
4020	66
4021	603
4022	325
4023	69
4024	197
4025	23
4026	237
4027	41
4028	420
4029	65
4030	102
4031	35
4032	126
4033	506
4034	87
4035	41
4036	99
4037	41
4038	19
4039	43
4040	155
4041	660
4042	347
4043	103
4044	54
4045	37
4046	31
4047	40
4048	572
4049	290
4050	138
4051	69
4052	28
4053	402
4054	504
4055	308
4056	14
4057	29
4058	402
4059	35
4060	193
4061	31
4062	249
4063	54
4064	804
4065	14
4066	81
4067	65
4068	15
4069	23
4070	98
4071	89
4072	203
4073	22
4074	21
4075	43
4076	40
4077	183
4078	217
4079	346
4080	70
4081	40
4082	98
4083	607
4084	140
4085	664
4086	253
4087	48
4088	317
4089	559
4090	151
4091	85
4092	59
4093	119
4094	210
4095	51
4096	195
4097	25
4098	90
4099	102
4100	21
4101	79
4102	65
4103	108
4104	117
4105	53
4106	23
4107	283
4108	27
4109	21
4110	17
4111	45
4112	268
4113	27
4114	164
4115	410
4116	292
4117	166
4118	163
4119	42
4120	40
4121	106
4122	257
4123	80
4124	238
4125	36
4126	289
4127	74
4128	42
4129	19
4130	134
4131	101
4132	109
4133	93
4134	101
4135	52
4136	30
4137	62
4138	48
4139	278
4140	565
4141	181
4142	19
4143	18
4144	101
4145	18
4146	22
4147	49
4148	75
4149	42
4150	314
4151	29
4152	127
4153	129
4154	19
4155	44
4156	310
4157	47
4158	20
4159	17
4160	97
4161	369
4162	96
4163	19
4164	27
4165	42
4166	18
4167	360
4168	82
4169	1847
4170	69
4171	114
4172	47
4173	40
4174	27
4175	75
4176	18
4177	118
4178	17
4179	121
4180	63
4181	100
4182	37
4183	289
4184	25
4185	45
4186	502
4187	56
4188	34
4189	25
4190	81
4191	25
4192	17
4193	206
4194	133
4195	80
4196	21
4197	18
4198	44
4199	43
4200	40
4201	20
4202	21
4203	117
4204	195
4205	36
4206	38
4207	192
4208	38
4209	14
4210	109
4211	19
4212	130
4213	313
4214	28
4215	233
4216	16
4217	302
4218	85
4219	79
4220	199
4221	70
4222	99
4223	121
4224	267
4225	106
4226	27
4227	957
4228	20
4229	56
4230	18
4231	42
4232	46
4233	100
4234	134
4235	97
4236	39
4237	100
4238	646
4239	54
4240	50
4241	81
4242	102
4243	116
4244	18
4245	71
4246	30
4247	65
4248	65
4249	84
4250	256
4251	73
4252	84
4253	267
4254	19
4255	34
4256	25
4257	105
4258	320
4259	15
4260	254
4261	223
4262	28
4263	32
4264	17
4265	166
4266	54
4267	27
4268	242
4269	176
4270	20
4271	414
4272	96
4273	24
4274	117
4275	27
4276	64
4277	1366
4278	29
4279	400
4280	67
4281	160
4282	28
4283	40
4284	125
4285	420
4286	152
4287	238
4288	20
4289	119
4290	40
4291	166
4292	80
4293	33
4294	128
4295	33
4296	49
4297	42
4298	218
4299	79
4300	34
4301	35
4302	191
4303	287
4304	21
4305	541
4306	72
4307	27
4308	76
4309	107
4310	237
4311	72
4312	711
4313	79
4314	25
4315	121
4316	33
4317	43
4318	370
4319	44
4320	64
4321	48
4322	325
4323	112
4324	28
4325	19
4326	100
4327	127
4328	243
4329	142
4330	35
4331	34
4332	18
4333	140
4334	111
4335	370
4336	95
4337	213
4338	27
4339	51
4340	16
4341	24
4342	180
4343	173
4344	1027
4345	466
4346	58
4347	114
4348	19
4349	21
4350	59
4351	145
4352	379
4353	107
4354	515
4355	37
4356	211
4357	32
4358	24
4359	56
4360	198
4361	89
4362	199
4363	151
4364	159
4365	14
4366	29
4367	96
4368	103
4369	34
4370	53
4371	107
4372	22
4373	241
4374	102
4375	263
4376	46
4377	160
4378	87
4379	295
4380	121
4381	351
4382	79
4383	15
4384	229
4385	21
4386	707
4387	591
4388	346
4389	85
4390	218
4391	28
4392	19
4393	16
4394	22
4395	24
4396	23
4397	51
4398	17
4399	29
4400	23
4401	162
4402	27
4403	69
4404	275
4405	35
4406	242
4407	180
4408	438
4409	91
4410	18
4411	469
4412	86
4413	21
4414	151
4415	106
4416	123
4417	86
4418	252
4419	19
4420	44
4421	23
4422	359
4423	36
4424	29
4425	746
4426	61
4427	17
4428	52
4429	37
4430	239
4431	36
4432	58
4433	133
4434	40
4435	47
4436	183
4437	194
4438	126
4439	34
4440	62
4441	24
4442	40
4443	66
4444	61
4445	100
4446	327
4447	787
4448	827
4449	142
4450	65
4451	220
4452	162
4453	42
4454	132
4455	43
4456	128
4457	180
4458	319
4459	133
4460	115
4461	123
4462	28
4463	18
4464	17
4465	68
4466	101
4467	140
4468	65
4469	26
4470	236
4471	133
4472	386
4473	333
4474	28
4475	38
4476	165
4477	112
4478	362
4479	48
4480	381
4481	44
4482	617
4483	153
4484	213
4485	115
4486	39
4487	43
4488	269
4489	355
4490	305
4491	151
4492	18
4493	41
4494	58
4495	24
4496	153
4497	376
4498	118
4499	83
4500	23
4501	55
4502	258
4503	29
4504	18
4505	222
4506	424
4507	183
4508	954
4509	163
4510	973
4511	117
4512	126
4513	28
4514	116
4515	18
4516	43
4517	327
4518	66
4519	33
4520	230
4521	186
4522	154
4523	318
4524	225
4525	17
4526	134
4527	13
4528	49
4529	37
4530	38
4531	190
4532	111
4533	42
4534	55
4535	296
4536	31
4537	20
4538	35
4539	88
4540	58
4541	125
4542	22
4543	814
4544	38
4545	21
4546	39
4547	15
4548	16
4549	21
4550	21
4551	67
4552	95
4553	42
4554	18
4555	69
4556	181
4557	68
4558	13
4559	36
4560	216
4561	85
4562	243
4563	28
4564	21
4565	32
4566	119
4567	63
4568	246
4569	70
4570	30
4571	81
4572	120
4573	120
4574	41
4575	99
4576	17
4577	131
4578	434
4579	553
4580	111
4581	64
4582	40
4583	19
4584	44
4585	257
4586	38
4587	32
4588	39
4589	90
4590	41
4591	377
4592	175
4593	239
4594	29
4595	61
4596	164
4597	19
4598	89
4599	34
4600	211
4601	103
4602	61
4603	28
4604	57
4605	165
4606	88
4607	398
4608	67
4609	220
4610	123
4611	287
4612	33
4613	60
4614	16
4615	120
4616	31
4617	61
4618	65
4619	124
4620	99
4621	148
4622	19
4623	32
4624	51
4625	55
4626	311
4627	88
4628	17
4629	24
4630	22
4631	102
4632	46
4633	60
4634	89
4635	265
4636	20
4637	291
4638	30
4639	41
4640	122
4641	32
4642	26
4643	156
4644	109
4645	100
4646	26
4647	698
4648	28
4649	22
4650	125
4651	38
4652	43
4653	323
4654	63
4655	285
4656	183
4657	22
4658	442
4659	166
4660	28
4661	153
4662	141
4663	302
4664	30
4665	19
4666	273
4667	28
4668	24
4669	38
4670	85
4671	128
4672	20
4673	421
4674	74
4675	261
4676	24
4677	20
4678	73
4679	54
4680	256
4681	119
4682	600
4683	54
4684	53
4685	121
4686	73
4687	90
4688	115
4689	54
4690	58
4691	63
4692	26
4693	37
4694	50
4695	24
4696	21
4697	119
4698	16
4699	133
4700	129
4701	52
4702	33
4703	16
4704	266
4705	173
4706	84
4707	32
4708	335
4709	44
4710	33
4711	93
4712	30
4713	52
4714	55
4715	389
4716	52
4717	64
4718	100
4719	27
4720	32
4721	55
4722	18
4723	26
4724	25
4725	786
4726	225
4727	42
4728	556
4729	178
4730	21
4731	40
4732	544
4733	76
4734	140
4735	89
4736	250
4737	89
4738	150
4739	89
4740	38
4741	14
4742	199
4743	21
4744	55
4745	82
4746	74
4747	193
4748	278
4749	15
4750	205
4751	23
4752	19
4753	47
4754	195
4755	20
4756	23
4757	76
4758	19
4759	35
4760	45
4761	31
4762	54
4763	45
4764	34
4765	205
4766	35
4767	32
4768	56
4769	47
4770	26
4771	405
4772	79
4773	77
4774	146
4775	16
4776	19
4777	28
4778	30
4779	170
4780	86
4781	30
4782	92
4783	45
4784	318
4785	214
4786	307
4787	23
4788	239
4789	212
4790	298
4791	190
4792	21
4793	136
4794	81
4795	91
4796	274
4797	45
4798	94
4799	45
4800	197
4801	153
4802	525
4803	29
4804	37
4805	28
4806	129
4807	72
4808	757
4809	144
4810	156
4811	37
4812	100
4813	89
4814	125
4815	181
4816	301
4817	70
4818	43
4819	440
4820	26
4821	193
4822	23
4823	382
4824	190
4825	34
4826	127
4827	56
4828	86
4829	254
4830	90
4831	193
4832	99
4833	67
4834	225
4835	74
4836	57
4837	257
4838	30
4839	18
4840	64
4841	73
4842	56
4843	84
4844	23
4845	119
4846	28
4847	62
4848	50
4849	118
4850	31
4851	18
4852	203
4853	31
4854	131
4855	171
4856	60
4857	45
4858	87
4859	35
4860	41
4861	147
4862	79
4863	26
4864	23
4865	193
4866	61
4867	490
4868	140
4869	221
4870	93
4871	19
4872	29
4873	21
4874	25
4875	85
4876	30
4877	72
4878	32
4879	367
4880	16
4881	18
4882	167
4883	39
4884	297
4885	22
4886	78
4887	330
4888	232
4889	217
4890	131
4891	21
4892	93
4893	71
4894	27
4895	57
4896	31
4897	312
4898	189
4899	188
4900	16
4901	154
4902	105
4903	37
4904	320
4905	75
4906	195
4907	139
4908	84
4909	112
4910	38
4911	69
4912	16
4913	31
4914	36
4915	86
4916	132
4917	192
4918	240
4919	34
4920	42
4921	162
4922	155
4923	27
4924	33
4925	35
4926	19
4927	101
4928	262
4929	37
4930	72
4931	59
4932	253
4933	232
4934	139
4935	15
4936	30
4937	178
4938	25
4939	128
4940	222
4941	29
4942	226
4943	19
4944	18
4945	106
4946	197
4947	84
4948	397
4949	31
4950	367
4951	237
4952	80
4953	175
4954	84
4955	23
4956	200
4957	584
4958	358
4959	142
4960	64
4961	138
4962	162
4963	85
4964	315
4965	114
4966	36
4967	74
4968	20
4969	25
4970	23
4971	18
4972	265
4973	118
4974	21
4975	152
4976	43
4977	147
4978	57
4979	695
4980	170
4981	244
4982	30
4983	106
4984	162
4985	127
4986	25
4987	39
4988	22
4989	57
4990	50
4991	17
4992	20
4993	37
4994	110
4995	284
4996	23
4997	43
4998	64
4999	54
5000	313
5001	178
5002	206
5003	24
5004	30
5005	345
5006	39
5007	13
5008	173
5009	50
5010	42
5011	445
5012	18
5013	57
5014	118
5015	504
5016	75
5017	26
5018	199
5019	140
5020	89
5021	154
5022	27
5023	93
5024	56
5025	104
5026	681
5027	17
5028	23
5029	130
5030	22
5031	42
5032	87
5033	32
5034	109
5035	202
5036	41
5037	87
5038	179
5039	300
5040	89
5041	83
5042	283
5043	21
5044	109
5045	23
5046	664
5047	256
5048	79
5049	153
5050	63
5051	21
5052	13
5053	182
5054	560
5055	32
5056	159
5057	57
5058	38
5059	109
5060	62
5061	168
5062	17
5063	92
5064	86
5065	204
5066	25
5067	24
5068	45
5069	22
5070	385
5071	64
5072	51
5073	21
5074	597
5075	49
5076	96
5077	334
5078	48
5079	53
5080	51
5081	81
5082	198
5083	230
5084	211
5085	170
5086	139
5087	231
5088	24
5089	25
5090	323
5091	246
5092	55
5093	42
5094	48
5095	37
5096	202
5097	104
5098	152
5099	165
5100	690
5101	35
5102	116
5103	241
5104	40
5105	74
5106	60
5107	478
5108	292
5109	95
5110	18
5111	637
5112	254
5113	422
5114	119
5115	34
5116	18
5117	15
5118	86
5119	18
5120	143
5121	132
5122	18
5123	86
5124	209
5125	28
5126	104
5127	43
5128	74
5129	88
5130	24
5131	315
5132	43
5133	52
5134	75
5135	59
5136	171
5137	86
5138	143
5139	104
5140	297
5141	28
5142	260
5143	95
5144	27
5145	15
5146	22
5147	29
5148	89
5149	25
5150	29
5151	122
5152	21
5153	356
5154	28
5155	24
5156	256
5157	68
5158	167
5159	14
5160	24
5161	247
5162	28
5163	398
5164	64
5165	71
5166	97
5167	124
5168	18
5169	99
5170	55
5171	23
5172	373
5173	113
5174	19
5175	26
5176	40
5177	80
5178	234
5179	31
5180	91
5181	42
5182	230
5183	80
5184	241
5185	218
5186	55
5187	92
5188	67
5189	30
5190	35
5191	28
5192	17
5193	160
5194	53
5195	55
5196	65
5197	103
5198	232
5199	25
5200	45
5201	84
5202	27
5203	28
5204	34
5205	274
5206	24
5207	19
5208	98
5209	106
5210	46
5211	83
5212	33
5213	29
5214	24
5215	14
5216	16
5217	104
5218	34
5219	94
5220	561
5221	19
5222	249
5223	164
5224	30
5225	174
5226	68
5227	130
5228	18
5229	50
5230	108
5231	23
5232	105
5233	90
5234	170
5235	30
5236	92
5237	45
5238	18
5239	227
5240	25
5241	75
5242	90
5243	17
5244	22
5245	22
5246	106
5247	26
5248	85
5249	267
5250	225
5251	132
5252	50
5253	113
5254	61
5255	106
5256	651
5257	77
5258	15
5259	29
5260	166
5261	83
5262	53
5263	103
5264	123
5265	224
5266	26
5267	67
5268	406
5269	270
5270	76
5271	332
5272	86
5273	252
5274	20
5275	69
5276	59
5277	240
5278	135
5279	43
5280	22
5281	209
5282	237
5283	229
5284	59
5285	38
5286	149
5287	166
5288	37
5289	388
5290	30
5291	52
5292	20
5293	55
5294	128
5295	18
5296	55
5297	25
5298	54
5299	39
5300	218
5301	103
5302	199
5303	36
5304	28
5305	218
5306	504
5307	48
5308	37
5309	14
5310	72
5311	41
5312	564
5313	69
5314	13
5315	25
5316	31
5317	445
5318	83
5319	314
5320	14
5321	225
5322	80
5323	197
5324	132
5325	41
5326	104
5327	124
5328	41
5329	434
5330	45
5331	67
5332	59
5333	670
5334	46
5335	126
5336	33
5337	137
5338	84
5339	84
5340	168
5341	90
5342	90
5343	32
5344	149
5345	253
5346	41
5347	206
5348	42
5349	205
5350	174
5351	15
5352	166
5353	90
5354	31
5355	146
5356	32
5357	37
5358	15
5359	388
5360	30
5361	149
5362	69
5363	55
5364	274
5365	237
5366	97
5367	924
5368	77
5369	195
5370	20
5371	258
5372	28
5373	26
5374	32
5375	22
5376	200
5377	37
5378	154
5379	29
5380	18
5381	21
5382	50
5383	23
5384	42
5385	37
5386	127
5387	597
5388	20
5389	107
5390	164
5391	21
5392	16
5393	164
5394	677
5395	86
5396	68
5397	304
5398	25
5399	49
5400	17
5401	109
5402	79
5403	126
5404	165
5405	96
5406	102
5407	20
5408	79
5409	17
5410	37
5411	20
5412	219
5413	182
5414	63
5415	38
5416	35
5417	36
5418	192
5419	80
5420	142
5421	66
5422	138
5423	78
5424	109
5425	37
5426	228
5427	60
5428	304
5429	100
5430	111
5431	64
5432	141
5433	566
5434	207
5435	31
5436	30
5437	125
5438	77
5439	15
5440	30
5441	157
5442	45
5443	325
5444	32
5445	114
5446	101
5447	105
5448	265
5449	88
5450	245
5451	73
5452	245
5453	191
5454	46
5455	105
5456	32
5457	129
5458	309
5459	132
5460	61
5461	38
5462	31
5463	232
5464	91
5465	17
5466	177
5467	17
5468	298
5469	92
5470	83
5471	18
5472	235
5473	98
5474	39
5475	306
5476	26
5477	19
5478	26
5479	78
5480	120
5481	51
5482	292
5483	179
5484	64
5485	93
5486	33
5487	41
5488	199
5489	56
5490	99
5491	170
5492	302
5493	447
5494	66
5495	25
5496	59
5497	108
5498	50
5499	55
5500	54
5501	453
5502	93
5503	36
5504	456
5505	79
5506	50
5507	31
5508	63
5509	80
5510	49
5511	570
5512	197
5513	53
5514	35
5515	38
5516	109
5517	249
5518	82
5519	265
5520	125
5521	42
5522	387
5523	300
5524	134
5525	16
5526	210
5527	22
5528	56
5529	17
5530	503
5531	118
5532	79
5533	19
5534	49
5535	144
5536	496
5537	48
5538	154
5539	391
5540	62
5541	23
5542	60
5543	270
5544	40
5545	122
5546	26
5547	123
5548	133
5549	27
5550	505
5551	49
5552	42
5553	212
5554	83
5555	439
5556	223
5557	151
5558	184
5559	31
5560	68
5561	178
5562	62
5563	29
5564	39
5565	146
5566	97
5567	321
5568	268
5569	191
5570	241
5571	97
5572	56
5573	135
5574	140
5575	226
5576	227
5577	22
5578	69
5579	18
5580	328
5581	23
5582	102
5583	93
5584	62
5585	195
5586	19
5587	43
5588	31
5589	31
5590	28
5591	36
5592	100
5593	130
5594	101
5595	170
5596	150
5597	168
5598	111
5599	175
5600	218
5601	78
5602	66
5603	141
5604	210
5605	578
5606	15
5607	123
5608	21
5609	27
5610	32
5611	24
5612	30
5613	69
5614	651
5615	241
5616	106
5617	59
5618	83
5619	72
5620	171
5621	370
5622	65
5623	208
5624	94
5625	125
5626	131
5627	634
5628	21
5629	79
5630	208
5631	66
5632	46
5633	32
5634	237
5635	20
5636	677
5637	39
5638	79
5639	34
5640	27
5641	103
5642	41
5643	820
5644	51
5645	224
5646	79
5647	121
5648	99
5649	162
5650	250
5651	32
5652	86
5653	171
5654	241
5655	93
5656	22
5657	167
5658	108
5659	173
5660	26
5661	90
5662	61
5663	228
5664	219
5665	37
5666	27
5667	256
5668	69
5669	37
5670	55
5671	83
5672	22
5673	58
5674	36
5675	478
5676	114
5677	188
5678	109
5679	137
5680	122
5681	28
5682	488
5683	93
5684	385
5685	32
5686	425
5687	68
5688	83
5689	383
5690	19
5691	103
5692	49
5693	33
5694	20
5695	29
5696	19
5697	20
5698	249
5699	235
5700	32
5701	85
5702	98
5703	54
5704	78
5705	145
5706	131
5707	76
5708	70
5709	96
5710	58
5711	44
5712	62
5713	21
5714	75
5715	67
5716	168
5717	305
5718	155
5719	23
5720	286
5721	36
5722	295
5723	160
5724	73
5725	16
5726	113
5727	43
5728	261
5729	49
5730	71
5731	46
5732	32
5733	156
5734	156
5735	22
5736	82
5737	54
5738	428
5739	42
5740	63
5741	36
5742	37
5743	23
5744	352
5745	61
5746	65
5747	448
5748	42
5749	319
5750	96
5751	67
5752	118
5753	68
5754	297
5755	407
5756	31
5757	87
5758	112
5759	457
5760	22
5761	175
5762	222
5763	550
5764	44
5765	167
5766	62
5767	265
5768	55
5769	117
5770	106
5771	215
5772	14
5773	25
5774	40
5775	154
5776	145
5777	103
5778	54
5779	303
5780	199
5781	21
5782	81
5783	31
5784	18
5785	107
5786	271
5787	363
5788	636
5789	35
5790	77
5791	77
5792	213
5793	23
5794	237
5795	1013
5796	18
5797	100
5798	94
5799	27
5800	18
5801	131
5802	30
5803	57
5804	18
5805	131
5806	169
5807	40
5808	56
5809	207
5810	13
5811	237
5812	716
5813	72
5814	19
5815	61
5816	21
5817	21
5818	23
5819	27
5820	42
5821	58
5822	66
5823	82
5824	436
5825	97
5826	191
5827	94
5828	17
5829	55
5830	42
5831	977
5832	59
5833	70
5834	23
5835	24
5836	36
5837	424
5838	168
5839	24
5840	188
5841	260
5842	41
5843	175
5844	72
5845	170
5846	45
5847	279
5848	337
5849	39
5850	48
5851	140
5852	265
5853	120
5854	326
5855	39
5856	55
5857	160
5858	163
5859	24
5860	58
5861	152
5862	154
5863	18
5864	32
5865	70
5866	27
5867	27
5868	51
5869	58
5870	31
5871	75
5872	214
5873	26
5874	230
5875	104
5876	19
5877	14
5878	492
5879	45
5880	606
5881	223
5882	30
5883	19
5884	66
5885	98
5886	408
5887	59
5888	485
5889	101
5890	266
5891	60
5892	91
5893	115
5894	90
5895	46
5896	160
5897	42
5898	22
5899	17
5900	104
5901	21
5902	66
5903	59
5904	16
5905	120
5906	88
5907	39
5908	162
5909	24
5910	94
5911	138
5912	100
5913	60
5914	29
5915	228
5916	542
5917	191
5918	20
5919	27
5920	120
5921	37
5922	176
5923	28
5924	116
5925	155
5926	48
5927	163
5928	38
5929	82
5930	79
5931	55
5932	20
5933	32
5934	25
5935	30
5936	23
5937	77
5938	144
5939	93
5940	39
5941	25
5942	140
5943	55
5944	25
5945	25
5946	75
5947	115
5948	316
5949	142
5950	336
5951	36
5952	101
5953	70
5954	767
5955	298
5956	244
5957	183
5958	91
5959	55
5960	149
5961	260
5962	18
5963	148
5964	420
5965	30
5966	49
5967	18
5968	26
5969	78
5970	34
5971	124
5972	357
5973	30
5974	189
5975	39
5976	99
5977	40
5978	307
5979	30
5980	173
5981	223
5982	90
5983	21
5984	28
5985	79
5986	93
5987	46
5988	61
5989	58
5990	217
5991	69
5992	57
5993	23
5994	59
5995	145
5996	468
5997	40
5998	122
5999	24
6000	400
6001	186
6002	267
6003	199
6004	47
6005	69
6006	100
6007	252
6008	29
6009	55
6010	248
6011	155
6012	22
6013	93
6014	89
6015	44
6016	733
6017	25
6018	123
6019	70
6020	35
6021	98
6022	37
6023	122
6024	79
6025	209
6026	56
6027	28
6028	39
6029	25
6030	88
6031	39
6032	85
6033	44
6034	17
6035	215
6036	696
6037	161
6038	16
6039	100
6040	268
