0	587	0.00179	0.00053	0.00310	0.00088	0.00118	0.00124	0.00088	0.00401	0.00237	0.00161
1	10788	0.00165	0.00018	0.00030	0.00073	0.00068	0.00372	0.00063	0.00194	0.00094	0.00151
2	20812	0.00150	0.00068	0.00181	0.00161	0.00136	0.00311	0.00118	0.00245	0.00176	0.00092
3	20942	0.00039	0.00007	0.00040	0.00072	0.00124	0.00093	0.00061	0.00039	0.00050	0.00029
4	20946	0.00173	0.00126	0.00098	0.00255	0.00135	0.00032	0.00196	0.00108	0.00152	0.00097
5	20965	0.00147	0.00048	0.00060	0.00123	0.00027	0.00065	0.00180	0.00171	0.00082	0.00092
6	30976	0.00111	0.00059	0.00161	0.00073	0.00160	0.00047	0.00030	0.00096	0.00041	0.00051
7	33087	0.00072	0.00100	0.00029	0.00071	0.00040	0.00051	0.00115	0.00074	0.00018	0.00051
8	34140	0.00106	0.00147	0.00169	0.00052	0.00049	0.00084	0.00116	0.00084	0.00214	0.00029
9	34191	0.00109	0.00030	0.00108	0.00022	0.00381	0.00077	0.00099	0.00088	0.00120	0.00094
10	34235	0.00182	0.00150	0.00294	0.00118	0.00141	0.00119	0.00076	0.00076	0.00076	0.00163
11	47165	0.00169	0.00091	0.00036	0.00019	0.00043	0.00070	0.00282	0.00140	0.00115	0.00008
12	53007	0.00041	0.00019	0.00073	0.00074	0.00061	0.00095	0.00139	0.00052	0.00041	0.00104
13	71787	0.00095	0.00081	0.00040	0.00041	0.00113	0.00038	0.00084	0.00095	0.00041	0.00082
14	71978	0.00073	0.00051	0.00126	0.00073	0.00350	0.00052	0.00139	0.00063	0.00116	0.00019
15	72246	0.00104	0.00074	0.00055	0.00032	0.00063	0.00088	0.00187	0.00326	0.00072	0.00237
16	73513	0.00074	0.00009	0.00124	0.00052	0.00134	0.00053	0.00063	0.00139	0.00053	0.00063
17	83671	0.00096	0.00040	0.00107	0.00094	0.00110	0.00086	0.00119	0.00086	0.00182	0.00132
18	97874	0.00072	0.00073	0.00037	0.00027	0.00079	0.00039	0.00059	0.00038	0.00028	0.00090
19	104597	0.00226	0.00127	0.00282	0.00097	0.00151	0.00059	0.00064	0.00031	0.00217	0.00228
20	113482	0.00137	0.00162	0.00119	0.00374	0.00128	0.00125	0.00238	0.00065	0.00104	0.00075
21	114737	0.00051	0.00045	0.00092	0.00418	0.00129	0.00235	0.00051	0.00139	0.00051	0.00039
22	121789	0.00543	0.00117	0.00078	0.00122	0.00130	0.00119	0.00100	0.00067	0.00111	0.00085
23	147295	0.00022	0.00135	0.00076	0.00110	0.00121	0.00106	0.00011	0.00033	0.00065	0.00074
24	147383	0.00058	0.00080	0.00071	0.00115	0.00035	0.00072	0.00116	0.00115	0.00163	0.00038
25	149683	0.00080	0.00083	0.00069	0.00068	0.00187	0.00090	0.00091	0.00080	0.00069	0.00080
26	164905	0.00147	0.00119	0.00064	0.00097	0.00041	0.00225	0.00075	0.00031	0.00083	0.00215
27	165323	0.00045	0.00073	0.00023	0.00077	0.00091	0.00070	0.00056	0.00045	0.00107	0.00145
28	166949	0.00082	0.00046	0.00116	0.00072	0.00039	0.00072	0.00029	0.00062	0.00084	0.00050
29	187242	0.00204	0.00120	0.00085	0.00074	0.00201	0.00147	0.00119	0.00128	0.00186	0.00075
30	188882	0.00112	0.00174	0.00112	0.00047	0.00255	0.00220	0.00090	0.00112	0.00212	0.00182
31	190117	0.00085	0.00009	0.00248	0.00466	0.00071	0.00058	0.00141	0.00053	0.00115	0.00249
32	192467	0.00055	0.00086	0.00055	0.00088	0.00262	0.00066	0.00067	0.00100	0.00195	0.00110
33	203494	0.00098	0.00084	0.00054	0.00022	0.00134	0.00044	0.00011	0.00033	0.00044	0.00175
34	206118	0.00010	0.00271	0.00020	0.00010	0.00029	0.00043	0.00043	0.00010	0.00010	0.00010
35	210207	0.00170	0.00112	0.00028	0.00018	0.00078	0.00071	0.00039	0.00106	0.00192	0.00039
36	213737	0.00355	0.00040	0.00096	0.00065	0.00106	0.00106	0.00261	0.00163	0.00188	0.00280
37	214031	0.00059	0.00046	0.00048	0.00116	0.00016	0.00032	0.00061	0.00050	0.00034	0.00047
38	230723	0.00158	0.00113	0.00072	0.00063	0.00293	0.00041	0.00161	0.00040	0.00127	0.00061
39	235731	0.00224	0.00021	0.00205	0.00086	0.00303	0.00107	0.00151	0.00130	0.00182	0.00085
40	237675	0.00006	0.00160	0.00050	0.00049	0.00066	0.00038	0.00037	0.00060	0.00082	0.00028
41	259316	0.00071	0.00048	0.00059	0.00094	0.00026	0.00138	0.00126	0.00158	0.00029	0.00081
42	259646	0.00201	0.00099	0.00183	0.00031	0.00041	0.00097	0.00096	0.00206	0.00279	0.00104
43	48549	0.00041	0.00162	0.00157	0.00158	0.00113	0.00107	0.00063	0.00041	0.00180	0.00150
44	201349	0.00071	0.00015	0.00082	0.00149	0.00053	0.00080	0.00313	0.00159	0.00102	0.00093
45	224912	0.00096	0.00060	0.00088	0.00108	0.00137	0.00085	0.00088	0.00086	0.00404	0.00076
46	224917	0.00104	0.00084	0.00009	0.00063	0.00078	0.00020	0.00097	0.00151	0.00062	0.00042
47	225070	0.00062	0.00049	0.00018	0.00188	0.00068	0.00029	0.00078	0.00040	0.00062	0.00037
48	225175	0.00116	0.00077	0.00129	0.00260	0.00160	0.00154	0.00119	0.00108	0.00140	0.00098
49	225182	0.00213	0.00052	0.00071	0.00650	0.00096	0.00080	0.00041	0.00162	0.00059	0.00069
50	225191	0.00098	0.00057	0.00074	0.00151	0.00367	0.00721	0.00120	0.00544	0.00137	0.00076
51	225200	0.00055	0.00288	0.00044	0.00055	0.00190	0.00201	0.00066	0.00044	0.00110	0.00078
52	225210	0.00030	0.00144	0.00242	0.00041	0.00020	0.00105	0.00042	0.00074	0.00041	0.00081
53	225222	0.00148	0.00058	0.00106	0.00128	0.00090	0.00130	0.00133	0.00141	0.00140	0.00031
54	225223	0.00107	0.00062	0.00084	0.00195	0.00093	0.00077	0.00074	0.00281	0.00195	0.00083
55	225224	0.00109	0.00189	0.00077	0.00033	0.00483	0.00057	0.00043	0.00153	0.00098	0.00065
56	225233	0.00104	0.00072	0.00059	0.00331	0.00057	0.00123	0.00082	0.00127	0.00061	0.00057
57	7436	0.00070	0.00028	0.00017	0.00138	0.00302	0.00123	0.00095	0.00127	0.00137	0.00048
58	8470	0.00114	0.00057	0.00115	0.00105	0.00027	0.00079	0.00193	0.00247	0.00048	0.00056
59	9460	0.00046	0.00137	0.00089	0.00056	0.00319	0.00035	0.00099	0.00133	0.00035	0.00035
60	10245	0.00041	0.00078	0.00072	0.00031	0.00078	0.00074	0.00130	0.00521	0.00086	0.00062
61	10685	0.00211	0.00050	0.00073	0.00106	0.00065	0.00050	0.00226	0.00150	0.00095	0.00147
62	10701	0.00122	0.00133	0.00104	0.00118	0.00135	0.00020	0.00097	0.00108	0.00117	0.00041
63	10856	0.00696	0.00381	0.00131	0.00133	0.00216	0.00155	0.00111	0.00090	0.00046	0.00112
64	16330	0.00039	0.00052	0.00040	0.00094	0.00170	0.00008	0.00063	0.00019	0.00092	0.00019
65	18996	0.00054	0.00071	0.00072	0.00486	0.00040	0.00097	0.00064	0.00031	0.00097	0.00171
66	19569	0.00144	0.00424	0.00088	0.00155	0.00070	0.00134	0.00068	0.00111	0.00067	0.00121
67	19570	0.00470	0.00090	0.00171	0.00109	0.00046	0.00094	0.00129	0.00054	0.00065	0.00044
68	22687	0.00087	0.00180	0.00102	0.00131	0.00032	0.00087	0.00066	0.00252	0.00011	0.00115
69	26641	0.00117	0.00061	0.00051	0.00030	0.00107	0.00029	0.00248	0.00117	0.00084	0.00018
70	28133	0.00039	0.00050	0.00081	0.00040	0.00065	0.00132	0.00084	0.00073	0.00040	0.00126
71	28886	0.00091	0.00056	0.00083	0.00122	0.00035	0.00104	0.00037	0.00061	0.00083	0.00038
72	38746	0.00104	0.00057	0.00174	0.00019	0.00105	0.00042	0.00041	0.00041	0.00118	0.00039
73	38749	0.00117	0.00051	0.00122	0.00117	0.00049	0.00145	0.00150	0.00213	0.00061	0.00160
74	38751	0.00071	0.00016	0.00079	0.00049	0.00067	0.00027	0.00082	0.00135	0.00060	0.00079
75	38753	0.00078	0.00490	0.00177	0.00101	0.00055	0.00092	0.00112	0.00036	0.00142	0.00111
76	38754	0.00060	0.00090	0.00091	0.00158	0.00049	0.00087	0.00253	0.00104	0.00133	0.00048
77	38761	0.00222	0.00389	0.00038	0.00027	0.00081	0.00216	0.00104	0.00081	0.00044	0.00136
78	38766	0.00086	0.00084	0.00225	0.00164	0.00206	0.00093	0.00252	0.00338	0.00193	0.00063
79	38768	0.00067	0.00148	0.00196	0.00073	0.00221	0.00143	0.00077	0.00175	0.00098	0.00717
80	38775	0.00169	0.00028	0.00092	0.00104	0.00047	0.00049	0.00126	0.00104	0.00038	0.00017
81	38782	0.00066	0.00051	0.00034	0.00055	0.00210	0.00078	0.00077	0.00110	0.00066	0.00117
82	38783	0.00125	0.00056	0.00027	0.00006	0.00074	0.00080	0.00126	0.00148	0.00082	0.00028
83	38797	0.00083	0.00128	0.00096	0.00129	0.00114	0.00094	0.00086	0.00052	0.00191	0.00100
84	38799	0.00265	0.00248	0.00067	0.00155	0.00219	0.00073	0.00222	0.00167	0.00088	0.00301
85	38800	0.00116	0.00054	0.00029	0.00062	0.00086	0.00014	0.00247	0.00192	0.00127	0.00114
86	38805	0.00070	0.00361	0.00333	0.00122	0.00445	0.00178	0.00136	0.00037	0.00102	0.00772
87	38812	0.00078	0.00139	0.00356	0.00045	0.00336	0.00099	0.00175	0.00132	0.00100	0.00543
88	38816	0.00033	0.00453	0.00228	0.00033	0.00177	0.00101	0.00143	0.00055	0.00150	0.00120
89	38823	0.00086	0.00296	0.00063	0.00031	0.00059	0.00283	0.00130	0.00228	0.00042	0.00054
90	38838	0.00176	0.00039	0.00074	0.00074	0.00182	0.00083	0.00074	0.00169	0.00041	0.00040
91	38847	0.00087	0.00107	0.00011	0.00072	0.00243	0.00054	0.00033	0.00163	0.00110	0.00116
92	38854	0.00106	0.00038	0.00029	0.00050	0.00071	0.00057	0.00095	0.00105	0.00029	0.00018
93	38855	0.00595	0.00267	0.00075	0.00239	0.00086	0.00370	0.00077	0.00109	0.00022	0.00086
94	38862	0.00258	0.00111	0.00054	0.00132	0.00122	0.00077	0.00034	0.00329	0.00192	0.00185
95	38866	0.00045	0.00207	0.00361	0.00077	0.00187	0.00110	0.00077	0.00033	0.00066	0.00143
96	38872	0.00054	0.00212	0.00097	0.00076	0.00802	0.00258	0.00044	0.00076	0.00208	0.00076
97	38883	0.00242	0.00302	0.00159	0.00123	0.00097	0.00123	0.00082	0.00102	0.00123	0.00229
98	38885	0.00200	0.00039	0.00059	0.00106	0.00079	0.00069	0.00117	0.00107	0.00094	0.00047
99	38894	0.00108	0.00082	0.00128	0.00053	0.00090	0.00155	0.00096	0.00131	0.00181	0.00085
100	38904	0.00054	0.00110	0.00195	0.00199	0.00117	0.00097	0.00086	0.00031	0.00085	0.00075
101	38909	0.00160	0.00221	0.00188	0.00119	0.00053	0.00086	0.00098	0.00109	0.00086	0.00087
102	38910	0.00080	0.00005	0.00027	0.00038	0.00059	0.00058	0.00071	0.00147	0.00038	0.00087
103	38911	0.00179	0.00057	0.00007	0.00386	0.00051	0.00234	0.00106	0.00051	0.00018	0.00061
104	38912	0.00140	0.00030	0.00091	0.00106	0.00100	0.00097	0.00141	0.00294	0.00116	0.00114
105	38913	0.00104	0.00091	0.00051	0.00204	0.00135	0.00175	0.00126	0.00258	0.00169	0.00091
106	38917	0.00259	0.00008	0.00041	0.00137	0.00160	0.00138	0.00096	0.00575	0.00106	0.00041
107	38920	0.00115	0.00046	0.00094	0.00117	0.00076	0.00088	0.00094	0.00205	0.00025	0.00127
108	38930	0.00153	0.00033	0.00193	0.00032	0.00434	0.00157	0.00328	0.00120	0.00135	0.00053
109	38933	0.00109	0.00047	0.00023	0.00097	0.00117	0.00120	0.00132	0.00289	0.00033	0.00062
110	38942	0.00095	0.00167	0.00041	0.00084	0.00072	0.00041	0.00041	0.00041	0.00019	0.00084
111	38949	0.00027	0.00036	0.00006	0.00050	0.00017	0.00006	0.00116	0.00105	0.00064	0.00061
112	38957	0.00104	0.00058	0.00040	0.00054	0.00029	0.00215	0.00207	0.00032	0.00313	0.00531
113	38959	0.00061	0.00075	0.00051	0.00202	0.00134	0.00211	0.00259	0.00336	0.00094	0.00051
114	38960	0.00291	0.00039	0.00083	0.00201	0.00081	0.00070	0.00149	0.00161	0.00103	0.00018
115	38968	0.00119	0.00020	0.00123	0.00150	0.00086	0.00130	0.00251	0.00206	0.00118	0.00345
116	38970	0.00041	0.00050	0.00117	0.00053	0.00170	0.00103	0.00009	0.00075	0.00027	0.00106
117	38973	0.00031	0.00126	0.00031	0.00162	0.00127	0.00075	0.00217	0.00205	0.00051	0.00103
118	38976	0.00121	0.00069	0.00167	0.00077	0.00095	0.00078	0.00076	0.00110	0.00120	0.00072
119	38978	0.00162	0.00238	0.00051	0.00193	0.00051	0.00062	0.00182	0.00630	0.00041	0.00094
120	38980	0.00133	0.00006	0.00017	0.00050	0.00113	0.00006	0.00093	0.00038	0.00017	0.00092
121	38988	0.00018	0.00039	0.00068	0.00007	0.00119	0.00138	0.00007	0.00029	0.00069	0.00116
122	38989	0.00352	0.00308	0.00158	0.00066	0.00205	0.00188	0.00110	0.00198	0.00100	0.00174
123	38991	0.00080	0.00028	0.00007	0.00018	0.00029	0.00140	0.00007	0.00007	0.00007	0.00007
124	38994	0.00192	0.00114	0.00057	0.00225	0.00047	0.00061	0.00029	0.00160	0.00039	0.00062
125	38998	0.00168	0.00102	0.00104	0.00080	0.00007	0.00051	0.00072	0.00115	0.00082	0.00049
126	39005	0.00095	0.00057	0.00053	0.00207	0.00042	0.00020	0.00228	0.00215	0.00096	0.00116
127	39009	0.00518	0.00098	0.00051	0.00345	0.00085	0.00085	0.00096	0.00173	0.00081	0.00040
128	39014	0.00094	0.00081	0.00116	0.00030	0.00048	0.00084	0.00053	0.00224	0.00053	0.00093
129	39019	0.00027	0.00095	0.00028	0.00038	0.00026	0.00049	0.00182	0.00223	0.00028	0.00111
130	39023	0.00138	0.00071	0.00073	0.00051	0.00303	0.00094	0.00116	0.00117	0.00138	0.00028
131	39027	0.00149	0.00029	0.00019	0.00030	0.00050	0.00030	0.00217	0.00183	0.00103	0.00286
132	39030	0.00082	0.00058	0.00093	0.00137	0.00488	0.00175	0.00104	0.00093	0.00812	0.00115
133	39031	0.00714	0.00042	0.00095	0.00132	0.00023	0.00313	0.00132	0.00044	0.00044	0.00044
134	39034	0.00371	0.00038	0.00032	0.00065	0.00134	0.00064	0.00172	0.00196	0.00096	0.00083
135	39039	0.00051	0.00068	0.00123	0.00018	0.00165	0.00150	0.00158	0.00105	0.00051	0.00141
136	39040	0.00046	0.00016	0.00039	0.00028	0.00066	0.00017	0.00039	0.00039	0.00027	0.00016
137	39044	0.00448	0.00083	0.00108	0.00140	0.00410	0.00150	0.00119	0.00151	0.00098	0.00042
138	39049	0.00063	0.00103	0.00194	0.00042	0.00198	0.00020	0.00107	0.00053	0.00086	0.00052
139	39057	0.00152	0.00151	0.00140	0.00086	0.00122	0.00274	0.00096	0.00064	0.00101	0.00064
140	39087	0.00048	0.00005	0.00016	0.00037	0.00051	0.00016	0.00026	0.00048	0.00049	0.00005
141	39135	0.00162	0.00079	0.00293	0.00085	0.00039	0.00094	0.00075	0.00173	0.00107	0.00166
142	39136	0.00289	0.00079	0.00051	0.00040	0.00140	0.00094	0.00106	0.00161	0.00073	0.00051
143	39139	0.00065	0.00080	0.00209	0.00109	0.00083	0.00066	0.00208	0.00218	0.00087	0.00082
144	39147	0.00026	0.00005	0.00016	0.00005	0.00027	0.00016	0.00038	0.00081	0.00070	0.00015
145	39151	0.00068	0.00528	0.00088	0.00045	0.00077	0.00149	0.00155	0.00100	0.00213	0.00359
146	39154	0.00261	0.00068	0.00354	0.00086	0.00091	0.00145	0.00129	0.00054	0.00165	0.00095
147	39171	0.00049	0.00013	0.00081	0.00039	0.00017	0.00072	0.00061	0.00126	0.00094	0.00057
148	39174	0.00071	0.00122	0.00039	0.00103	0.00017	0.00060	0.00214	0.00105	0.00232	0.00175
149	39190	0.00054	0.00091	0.00084	0.00234	0.00227	0.00049	0.00120	0.00053	0.00075	0.00054
150	39192	0.00073	0.00107	0.00084	0.00128	0.00028	0.00094	0.00072	0.00084	0.00144	0.00050
151	39210	0.00170	0.00093	0.00020	0.00053	0.00249	0.00063	0.00269	0.00119	0.00062	0.00053
152	39214	0.00063	0.00039	0.00238	0.00041	0.00061	0.00030	0.00063	0.00127	0.00051	0.00072
153	39216	0.00093	0.00037	0.00091	0.00081	0.00006	0.00194	0.00072	0.00160	0.00060	0.00112
154	39220	0.00225	0.00135	0.00083	0.00293	0.00141	0.00138	0.00074	0.00170	0.00084	0.00106
155	39229	0.00007	0.00027	0.00029	0.00051	0.00114	0.00162	0.00018	0.00051	0.00046	0.00093
156	39233	0.00233	0.00159	0.00063	0.00042	0.00093	0.00046	0.00130	0.00141	0.00104	0.00061
157	39236	0.00029	0.00029	0.00060	0.00307	0.00071	0.00171	0.00125	0.00148	0.00095	0.00061
158	39246	0.00033	0.00031	0.00075	0.00109	0.00049	0.00145	0.00098	0.00087	0.00040	0.00043
159	39248	0.00155	0.00056	0.00050	0.00059	0.00017	0.00059	0.00149	0.00083	0.00165	0.00092
160	39253	0.00054	0.00475	0.00218	0.00098	0.00022	0.00108	0.00295	0.00065	0.00076	0.00228
161	39257	0.00137	0.00018	0.00038	0.00299	0.00040	0.00094	0.00040	0.00084	0.00007	0.00016
162	39261	0.00094	0.00035	0.00094	0.00127	0.00060	0.00018	0.00073	0.00062	0.00051	0.00018
163	39268	0.00291	0.00052	0.00131	0.00172	0.00104	0.00060	0.00164	0.00097	0.00365	0.00192
164	39270	0.00127	0.00029	0.00028	0.00098	0.00014	0.00061	0.00258	0.00193	0.00083	0.00083
165	39278	0.00019	0.00071	0.00039	0.00118	0.00080	0.00115	0.00094	0.00030	0.00105	0.00026
166	39281	0.00041	0.00019	0.00047	0.00041	0.00143	0.00119	0.00041	0.00074	0.00040	0.00132
167	39283	0.00061	0.00040	0.00261	0.00210	0.00029	0.00138	0.00127	0.00061	0.00051	0.00061
168	39284	0.00137	0.00027	0.00039	0.00285	0.00025	0.00039	0.00039	0.00061	0.00006	0.00050
169	39286	0.00093	0.00016	0.00016	0.00038	0.00080	0.00092	0.00028	0.00082	0.00038	0.00038
170	39287	0.00113	0.00016	0.00056	0.00298	0.00037	0.00070	0.00039	0.00115	0.00037	0.00039
171	39290	0.00031	0.00419	0.00085	0.00108	0.00197	0.00085	0.00171	0.00031	0.00064	0.00147
172	39292	0.00161	0.00070	0.00127	0.00537	0.00064	0.00274	0.00216	0.00129	0.00222	0.00071
173	39302	0.00095	0.00049	0.00358	0.00171	0.00027	0.00120	0.00115	0.00050	0.00300	0.00087
174	39309	0.00245	0.00400	0.00069	0.00037	0.00099	0.00041	0.00200	0.00113	0.00065	0.00081
175	39312	0.00207	0.00090	0.00083	0.00490	0.00060	0.00194	0.00119	0.00129	0.00031	0.00201
176	39324	0.00111	0.00042	0.00138	0.00152	0.00382	0.00326	0.00110	0.00154	0.00069	0.00087
177	39325	0.00196	0.00092	0.00043	0.00305	0.00128	0.00021	0.00267	0.00032	0.00074	0.00137
178	39330	0.00175	0.00134	0.00086	0.00333	0.00079	0.00162	0.00054	0.00065	0.00043	0.00109
179	39338	0.00015	0.00004	0.00015	0.00037	0.00015	0.00026	0.00026	0.00022	0.00055	0.00004
180	39353	0.00051	0.00134	0.00104	0.00106	0.00117	0.00020	0.00041	0.00096	0.00052	0.00154
181	39358	0.00222	0.00006	0.00179	0.00280	0.00027	0.00082	0.00050	0.00115	0.00006	0.00050
182	39359	0.00081	0.00016	0.00036	0.00397	0.00026	0.00113	0.00081	0.00104	0.00038	0.00049
183	39361	0.00112	0.00037	0.00038	0.00017	0.00026	0.00028	0.00050	0.00050	0.00165	0.00042
184	39362	0.00253	0.00071	0.00018	0.00290	0.00044	0.00148	0.00084	0.00193	0.00051	0.00088
185	39372	0.00127	0.00253	0.00107	0.00129	0.00069	0.00127	0.00086	0.00097	0.00375	0.00256
186	39379	0.00094	0.00049	0.00072	0.00062	0.00139	0.00084	0.00095	0.00247	0.00062	0.00082
187	39385	0.00497	0.00065	0.00087	0.00208	0.00246	0.00073	0.00089	0.00121	0.00222	0.00130
188	39386	0.00016	0.00073	0.00159	0.00104	0.00087	0.00061	0.00061	0.00039	0.00028	0.00102
189	39393	0.00114	0.00046	0.00084	0.00085	0.00038	0.00217	0.00085	0.00162	0.00118	0.00134
190	39397	0.00213	0.00081	0.00031	0.00200	0.00121	0.00075	0.00163	0.00164	0.00129	0.00085
191	39399	0.00094	0.00027	0.00061	0.00159	0.00036	0.00007	0.00072	0.00094	0.00135	0.00234
192	39402	0.00105	0.00068	0.00160	0.00188	0.00103	0.00136	0.00063	0.00137	0.00041	0.00028
193	39404	0.00079	0.00062	0.00083	0.00072	0.00027	0.00105	0.00094	0.00105	0.00177	0.00082
194	39412	0.00077	0.00033	0.00120	0.00087	0.00085	0.00112	0.00120	0.00120	0.00234	0.00284
195	39414	0.00062	0.00047	0.00149	0.00094	0.00055	0.00220	0.00096	0.00128	0.00161	0.00061
196	39415	0.00006	0.00073	0.00006	0.00017	0.00048	0.00028	0.00006	0.00017	0.00072	0.00027
197	39417	0.00059	0.00080	0.00063	0.00117	0.00117	0.00114	0.00140	0.00085	0.00218	0.00116
198	39420	0.00086	0.00064	0.00139	0.00119	0.00114	0.00106	0.00138	0.00508	0.00291	0.00085
199	39421	0.00050	0.00028	0.00049	0.00175	0.00032	0.00045	0.00061	0.00246	0.00017	0.00039
200	39422	0.00118	0.00073	0.00199	0.00150	0.00048	0.00072	0.00162	0.00249	0.00140	0.00106
201	39423	0.00038	0.00017	0.00065	0.00039	0.00047	0.00017	0.00017	0.00039	0.00060	0.00027
202	39427	0.00051	0.00216	0.00040	0.00040	0.00073	0.00018	0.00180	0.00149	0.00082	0.00093
203	39429	0.00169	0.00037	0.00061	0.00104	0.00017	0.00049	0.00112	0.00105	0.00082	0.00071
204	39435	0.00040	0.00059	0.00057	0.00058	0.00037	0.00061	0.00104	0.00138	0.00049	0.00072
205	39437	0.00067	0.00237	0.00034	0.00100	0.00042	0.00117	0.00134	0.00100	0.00045	0.00220
206	39443	0.00227	0.00029	0.00029	0.00052	0.00106	0.00116	0.00041	0.00085	0.00062	0.00059
207	39450	0.00265	0.00121	0.00031	0.00010	0.00122	0.00058	0.00086	0.00064	0.00042	0.00020
208	39451	0.00247	0.00079	0.00131	0.00411	0.00074	0.00085	0.00074	0.00075	0.00031	0.00111
209	39457	0.00353	0.00049	0.00090	0.00040	0.00058	0.00029	0.00094	0.00051	0.00126	0.00051
210	39461	0.00169	0.00060	0.00030	0.00052	0.00038	0.00030	0.00031	0.00051	0.00041	0.00051
211	39462	0.00187	0.00028	0.00060	0.00204	0.00048	0.00099	0.00106	0.00084	0.00068	0.00079
212	39467	0.00072	0.00056	0.00122	0.00051	0.00079	0.00029	0.00128	0.00105	0.00062	0.00049
213	39470	0.00275	0.00083	0.00082	0.00041	0.00099	0.00103	0.00117	0.00161	0.00095	0.00061
214	39471	0.00099	0.00016	0.00016	0.00081	0.00144	0.00027	0.00049	0.00136	0.00037	0.00005
215	39479	0.00115	0.00635	0.00137	0.00082	0.00089	0.00091	0.00126	0.00060	0.00147	0.00103
216	39481	0.00053	0.00058	0.00051	0.00042	0.00128	0.00038	0.00041	0.00042	0.00096	0.00061
217	39519	0.00030	0.00092	0.00085	0.00009	0.00159	0.00106	0.00137	0.00064	0.00042	0.00051
218	39524	0.00064	0.01687	0.00306	0.00130	0.00063	0.00130	0.00185	0.00086	0.00086	0.00119
219	39553	0.00066	0.00114	0.00186	0.00088	0.00095	0.00048	0.00055	0.00022	0.00116	0.00084
220	39556	0.00027	0.00063	0.00082	0.00059	0.00016	0.00059	0.00071	0.00016	0.00126	0.00069
221	39582	0.00110	0.00122	0.00045	0.00306	0.00364	0.00184	0.00077	0.00165	0.00077	0.00131
222	39653	0.00220	0.00027	0.00017	0.00039	0.00027	0.00070	0.00094	0.00137	0.00105	0.00071
223	42370	0.00083	0.00088	0.00244	0.00073	0.00117	0.00211	0.00095	0.00117	0.00050	0.00040
224	50724	0.00019	0.00017	0.00084	0.00008	0.00200	0.00063	0.00073	0.00074	0.00051	0.00052
225	50758	0.00210	0.00580	0.00317	0.00112	0.00078	0.00040	0.00069	0.00068	0.00064	0.00144
226	53030	0.00138	0.00071	0.00054	0.00150	0.00140	0.00103	0.00196	0.00207	0.00129	0.00074
227	53241	0.00152	0.00072	0.00147	0.00161	0.00052	0.00168	0.00212	0.00075	0.00096	0.00137
228	55978	0.00209	0.00378	0.00044	0.00225	0.00034	0.00034	0.00078	0.00210	0.00099	0.00129
229	56496	0.00016	0.00087	0.00037	0.00016	0.00045	0.00038	0.00114	0.00049	0.00016	0.00047
230	66705	0.00036	0.00059	0.00138	0.00050	0.00017	0.00233	0.00105	0.00061	0.00093	0.00071
231	79018	0.00091	0.00245	0.00753	0.00122	0.00203	0.00133	0.00264	0.00046	0.00156	0.00146
232	87205	0.00044	0.00121	0.00140	0.00205	0.00107	0.00084	0.00132	0.00077	0.00110	0.00066
233	89264	0.00106	0.01012	0.00084	0.00443	0.00146	0.00108	0.00128	0.00051	0.00562	0.00084
234	91055	0.00038	0.00006	0.00039	0.00116	0.00006	0.00142	0.00050	0.00050	0.00123	0.00116
235	93191	0.00146	0.00028	0.00082	0.00009	0.00041	0.00074	0.00094	0.00271	0.00030	0.00031
236	93706	0.00032	0.00042	0.00065	0.00172	0.00313	0.00125	0.00076	0.00130	0.00065	0.00242
237	93911	0.00057	0.00358	0.00068	0.00067	0.00122	0.00058	0.00123	0.00057	0.00210	0.00330
238	96676	0.00136	0.00007	0.00040	0.00241	0.00035	0.00029	0.00029	0.00084	0.00061	0.00058
239	97169	0.00187	0.00611	0.00110	0.00165	0.00095	0.00145	0.00068	0.00132	0.00057	0.00222
240	100531	0.00117	0.00052	0.00171	0.00108	0.00070	0.00084	0.00205	0.00119	0.00139	0.00064
241	100540	0.00161	0.00189	0.00140	0.00075	0.00138	0.00223	0.00043	0.00149	0.00096	0.00136
242	102844	0.00008	0.00036	0.00073	0.00095	0.00047	0.00080	0.00147	0.00041	0.00286	0.00051
243	113237	0.00161	0.00116	0.00099	0.00141	0.00113	0.00150	0.00163	0.00099	0.00121	0.00054
244	113262	0.00006	0.00015	0.00108	0.00006	0.00038	0.00027	0.00017	0.00038	0.00038	0.00017
245	113268	0.00040	0.00084	0.00070	0.00090	0.00059	0.00043	0.00046	0.00018	0.00090	0.00101
246	113334	0.00039	0.00007	0.00093	0.00007	0.00142	0.00029	0.00029	0.00138	0.00029	0.00007
247	113348	0.00088	0.00147	0.00216	0.00192	0.00343	0.00183	0.00065	0.00066	0.00087	0.00240
248	113350	0.00200	0.00039	0.00150	0.00085	0.00096	0.00043	0.00160	0.00184	0.00063	0.00052
249	113354	0.00021	0.00199	0.00292	0.00053	0.00083	0.00043	0.00097	0.00031	0.00031	0.00699
250	113516	0.00033	0.00021	0.00054	0.00032	0.00134	0.00103	0.00108	0.00175	0.00172	0.00044
251	119311	0.00170	0.00028	0.00104	0.00156	0.00070	0.00028	0.00083	0.00127	0.00018	0.00068
252	119726	0.00241	0.00123	0.00110	0.00165	0.00192	0.00500	0.00520	0.00045	0.00088	0.00096
253	119902	0.00240	0.00264	0.00077	0.00065	0.00106	0.00051	0.00198	0.00284	0.00205	0.00148
254	124600	0.00089	0.00085	0.00096	0.00225	0.00081	0.00181	0.00141	0.00074	0.00340	0.00115
255	124953	0.00039	0.00198	0.01094	0.00149	0.00111	0.00222	0.00233	0.00071	0.00061	0.00180
256	126749	0.00137	0.00028	0.00094	0.00018	0.00081	0.00051	0.00061	0.00084	0.00029	0.00103
257	145760	0.00088	0.00030	0.00085	0.00022	0.00039	0.00032	0.00238	0.00329	0.00033	0.00111
258	149457	0.00098	0.00072	0.00200	0.00086	0.00136	0.00126	0.00098	0.00142	0.00308	0.00150
259	154355	0.00007	0.00049	0.00182	0.00059	0.00057	0.00071	0.00070	0.00040	0.00084	0.00067
260	158432	0.00073	0.00103	0.00051	0.00030	0.00116	0.00052	0.00019	0.00030	0.00149	0.00062
261	158713	0.00043	0.00122	0.00368	0.00156	0.00039	0.00145	0.00075	0.00151	0.00190	0.00061
262	159104	0.00144	0.00083	0.00119	0.00129	0.00111	0.00067	0.00044	0.00033	0.00043	0.00124
263	159773	0.00187	0.00093	0.00061	0.00028	0.00089	0.00039	0.00083	0.00094	0.00061	0.00018
264	162443	0.00028	0.00149	0.00094	0.00094	0.00088	0.00129	0.00061	0.00039	0.00122	0.00104
265	171418	0.00558	0.00137	0.00074	0.00206	0.00106	0.00109	0.00065	0.00097	0.00032	0.00043
266	172511	0.00123	0.00087	0.00155	0.00078	0.00075	0.00134	0.00176	0.00080	0.00377	0.00109
267	176332	0.00017	0.00112	0.00138	0.00095	0.00066	0.00113	0.00084	0.00105	0.00083	0.00116
268	199527	0.00041	0.00045	0.00048	0.00158	0.00040	0.00064	0.00128	0.00118	0.00019	0.00047
269	200177	0.00028	0.00026	0.00115	0.00050	0.00070	0.00060	0.00220	0.00171	0.00093	0.00054
270	201021	0.00065	0.00082	0.00229	0.00097	0.00061	0.00181	0.00131	0.00053	0.00163	0.00774
271	209801	0.00075	0.00198	0.00448	0.00106	0.00147	0.00108	0.00098	0.00151	0.00064	0.00064
272	211332	0.00441	0.00072	0.00086	0.00162	0.00091	0.00394	0.00240	0.00087	0.00108	0.00245
273	211346	0.00215	0.00047	0.00039	0.00082	0.00154	0.00039	0.00128	0.00117	0.00050	0.00123
274	211417	0.00095	0.00067	0.00040	0.00081	0.00059	0.00107	0.00135	0.00247	0.00193	0.00073
275	211440	0.00028	0.00108	0.00092	0.00103	0.00070	0.00071	0.00061	0.00137	0.00006	0.00188
276	211493	0.00308	0.00289	0.00036	0.00080	0.00095	0.00108	0.00133	0.00232	0.00057	0.00079
277	211527	0.00203	0.00077	0.00101	0.00200	0.00040	0.00213	0.00127	0.00191	0.00039	0.00049
278	211538	0.00105	0.00049	0.00041	0.00125	0.00101	0.00161	0.00172	0.00085	0.00068	0.00100
279	211553	0.00184	0.00086	0.00140	0.00076	0.00083	0.00032	0.00044	0.00033	0.00022	0.00318
280	211592	0.00219	0.00026	0.00029	0.00190	0.00078	0.00203	0.00145	0.00062	0.00072	0.00039
281	211620	0.00171	0.00036	0.00079	0.00108	0.00071	0.00180	0.00142	0.00163	0.00075	0.00114
282	211630	0.00125	0.00016	0.00028	0.00224	0.00078	0.00123	0.00060	0.00148	0.00067	0.00028
283	211639	0.00017	0.00102	0.00126	0.00028	0.00107	0.00080	0.00094	0.00039	0.00110	0.00060
284	211920	0.00017	0.00075	0.00037	0.00141	0.00071	0.00069	0.00039	0.00027	0.00126	0.00006
285	212077	0.00042	0.00080	0.00106	0.00031	0.00038	0.00072	0.00229	0.00119	0.00061	0.00175
286	213566	0.00278	0.00270	0.00032	0.00076	0.00107	0.00150	0.00109	0.00154	0.00043	0.00032
287	213593	0.00092	0.00067	0.00187	0.00082	0.00027	0.00126	0.00059	0.00114	0.00071	0.00082
288	215042	0.00096	0.00147	0.00074	0.00266	0.00104	0.00095	0.00261	0.00151	0.00084	0.00150
289	224113	0.00019	0.00049	0.00324	0.00161	0.00161	0.00084	0.00117	0.00073	0.00080	0.00139
290	224998	0.00061	0.00007	0.00093	0.00139	0.00109	0.00388	0.00106	0.00050	0.00114	0.00061
291	226803	0.00214	0.00328	0.00066	0.00055	0.00066	0.00114	0.00217	0.00066	0.00126	0.00044
292	230735	0.00028	0.00025	0.00101	0.00068	0.00059	0.00017	0.00105	0.00050	0.00061	0.00017
293	232896	0.00082	0.00026	0.00028	0.00112	0.00027	0.00213	0.00017	0.00082	0.00069	0.00076
294	233376	0.00130	0.00220	0.00065	0.00064	0.00106	0.00130	0.00109	0.00131	0.00054	0.00120
295	239028	0.00040	0.00066	0.00054	0.00614	0.00043	0.00066	0.00143	0.00183	0.00044	0.00087
296	239029	0.00096	0.00057	0.00086	0.00097	0.00134	0.00145	0.00063	0.00075	0.00097	0.00102
297	239031	0.00379	0.00039	0.00019	0.00172	0.00193	0.00063	0.00085	0.00063	0.00052	0.00052
298	239040	0.00096	0.00076	0.00114	0.00106	0.00061	0.00085	0.00095	0.00085	0.00245	0.00233
299	239166	0.00106	0.00039	0.00080	0.00152	0.00061	0.00084	0.00251	0.00218	0.00158	0.00223
300	239171	0.00065	0.00085	0.00230	0.00099	0.00022	0.00012	0.00065	0.00011	0.00065	0.00707
301	239244	0.00136	0.00084	0.00150	0.00029	0.00068	0.00029	0.00147	0.00018	0.00094	0.00106
302	239281	0.00317	0.00237	0.00045	0.00077	0.00030	0.00077	0.00220	0.00067	0.00237	0.00066
303	239439	0.00126	0.00062	0.00007	0.00104	0.00048	0.00073	0.00040	0.00137	0.00039	0.00061
304	239441	0.00205	0.00101	0.00172	0.00153	0.00063	0.00055	0.00106	0.00175	0.00022	0.00198
305	239490	0.00278	0.00009	0.00095	0.00084	0.00112	0.00020	0.00053	0.00020	0.00162	0.00118
306	239496	0.00027	0.00022	0.00028	0.00006	0.00026	0.00006	0.00027	0.00016	0.00049	0.00036
307	239520	0.00150	0.00050	0.00061	0.00040	0.00141	0.00084	0.00051	0.00051	0.00018	0.00051
308	239707	0.00039	0.00037	0.00050	0.00103	0.00089	0.00083	0.00039	0.00201	0.00092	0.00040
309	239964	0.00047	0.00014	0.00004	0.00026	0.00015	0.00019	0.00026	0.00037	0.00074	0.00004
310	241424	0.00341	0.00324	0.00172	0.00438	0.00045	0.00077	0.00243	0.00144	0.00078	0.00217
311	241746	0.00097	0.00050	0.00103	0.00053	0.00069	0.00062	0.00138	0.00011	0.00153	0.00072
312	242218	0.00082	0.00027	0.00021	0.00285	0.00047	0.00065	0.00136	0.00208	0.00128	0.00010
313	243204	0.00041	0.00122	0.00248	0.00107	0.00038	0.00139	0.00107	0.00074	0.00147	0.00152
314	247202	0.00133	0.00066	0.00100	0.00111	0.00460	0.00068	0.00100	0.00090	0.00134	0.00066
315	253750	0.00202	0.00096	0.00061	0.00427	0.00068	0.00066	0.00040	0.00018	0.00079	0.00028
316	253834	0.00016	0.00005	0.00142	0.00093	0.00068	0.00027	0.00147	0.00049	0.00124	0.00135
317	257512	0.00350	0.00099	0.00473	0.00079	0.00045	0.00022	0.00057	0.00112	0.00114	0.00143
318	259041	0.00015	0.00023	0.00058	0.00015	0.00069	0.00037	0.00048	0.00026	0.00016	0.00035
319	260280	0.00244	0.00165	0.00050	0.00193	0.00140	0.00149	0.00237	0.00116	0.00158	0.00252
320	260337	0.00160	0.00019	0.00008	0.00172	0.00069	0.00052	0.00096	0.00151	0.00040	0.00051
321	2274	0.00037	0.00005	0.00027	0.00026	0.00013	0.00026	0.00027	0.00049	0.00049	0.00005
322	3237	0.00180	0.00071	0.00058	0.00095	0.00121	0.00047	0.00040	0.00041	0.00082	0.00062
323	12503	0.00080	0.00100	0.00252	0.00092	0.00158	0.00070	0.00080	0.00026	0.00092	0.00212
324	13431	0.00071	0.00048	0.00061	0.00028	0.00103	0.00007	0.00029	0.00050	0.00149	0.00097
325	28717	0.00102	0.00039	0.00082	0.00093	0.00146	0.00039	0.00071	0.00028	0.00103	0.00081
326	37746	0.00183	0.00075	0.00106	0.00042	0.00077	0.00191	0.00294	0.00239	0.00071	0.00284
327	48806	0.00362	0.00098	0.00249	0.00117	0.00029	0.00116	0.00118	0.00040	0.00149	0.00084
328	73868	0.00073	0.00073	0.00108	0.00042	0.00016	0.00061	0.00129	0.00030	0.00060	0.00051
329	90522	0.00060	0.00038	0.00027	0.00016	0.00067	0.00027	0.00082	0.00027	0.00060	0.00016
330	101458	0.00053	0.00114	0.00118	0.00053	0.00343	0.00148	0.00075	0.00053	0.00043	0.00085
331	104766	0.00015	0.00075	0.00058	0.00038	0.00038	0.00124	0.00038	0.00092	0.00049	0.00092
332	122340	0.00072	0.00017	0.00057	0.00128	0.00060	0.00139	0.00041	0.00129	0.00084	0.00037
333	124958	0.00287	0.00089	0.00343	0.00149	0.00021	0.00075	0.00130	0.00140	0.00052	0.00063
334	128910	0.00010	0.00050	0.00043	0.00114	0.00010	0.00127	0.00075	0.00052	0.00021	0.00040
335	134212	0.00081	0.00090	0.00079	0.00193	0.00028	0.00036	0.00029	0.00062	0.00103	0.00073
336	135377	0.00158	0.00068	0.00019	0.00030	0.00075	0.00073	0.00117	0.00096	0.00088	0.00050
337	149700	0.00093	0.00026	0.00067	0.00091	0.00038	0.00096	0.00028	0.00104	0.00050	0.00049
338	184673	0.00105	0.00029	0.00095	0.00040	0.00965	0.00096	0.00029	0.00095	0.00133	0.00161
339	196549	0.00044	0.00133	0.00492	0.00065	0.00073	0.00248	0.00055	0.00044	0.00120	0.00088
340	196564	0.00019	0.00339	0.00200	0.00719	0.00012	0.00299	0.00282	0.00019	0.00184	0.00184
341	196666	0.00204	0.00018	0.00039	0.00029	0.00105	0.00089	0.00018	0.00040	0.00062	0.00060
342	196704	0.00049	0.00026	0.00039	0.00057	0.00028	0.00069	0.00218	0.00050	0.00061	0.00120
343	196716	0.00070	0.00582	0.00158	0.00113	0.00057	0.00080	0.00049	0.00092	0.00245	0.00093
344	196819	0.00038	0.00023	0.00047	0.00060	0.00022	0.00082	0.00049	0.00071	0.00071	0.00080
345	197072	0.00102	0.00027	0.00048	0.00037	0.00025	0.00023	0.00048	0.00038	0.00070	0.00035
346	197073	0.00089	0.00071	0.00021	0.00043	0.00031	0.00160	0.00043	0.00010	0.00021	0.00042
347	197076	0.00133	0.00216	0.00111	0.00058	0.00312	0.00108	0.00210	0.00245	0.00145	0.00144
348	197083	0.00299	0.00069	0.00052	0.00093	0.00053	0.00125	0.00052	0.00183	0.00063	0.00073
349	202350	0.00116	0.00173	0.00086	0.00106	0.00118	0.00042	0.00053	0.00042	0.00108	0.00042
350	203566	0.00127	0.00068	0.00051	0.00041	0.00100	0.00062	0.00019	0.00041	0.00095	0.00082
351	203732	0.00029	0.00027	0.00084	0.00018	0.00153	0.00029	0.00073	0.00007	0.00073	0.00039
352	218311	0.00087	0.00262	0.00245	0.00087	0.00642	0.00152	0.00077	0.00098	0.00132	0.00109
353	219426	0.00007	0.00149	0.00049	0.00039	0.00028	0.00060	0.00050	0.00039	0.00060	0.00017
354	222118	0.00050	0.00017	0.00047	0.00057	0.00027	0.00039	0.00061	0.00039	0.00089	0.00039
355	234265	0.00020	0.00064	0.00096	0.00064	0.00107	0.00053	0.00053	0.00086	0.00062	0.00061
356	239163	0.00030	0.00066	0.00083	0.00008	0.00038	0.00030	0.00128	0.00019	0.00008	0.00246
357	246154	0.00040	0.00112	0.00040	0.00061	0.00050	0.00062	0.00128	0.00073	0.00104	0.00060
358	248721	0.00048	0.00325	0.00232	0.00081	0.00569	0.00142	0.00155	0.00048	0.00092	0.00101
359	255103	0.00051	0.00028	0.00081	0.00040	0.00188	0.00084	0.00050	0.00103	0.00062	0.00054
360	10992	0.00070	0.00026	0.00005	0.00157	0.00101	0.00066	0.00038	0.00038	0.00038	0.00016
361	32344	0.00089	0.00213	0.00058	0.00067	0.00198	0.00090	0.00198	0.00344	0.00068	0.00036
362	32349	0.00339	0.00155	0.00030	0.00085	0.00104	0.00052	0.00129	0.00020	0.00095	0.00052
363	61012	0.00048	0.01157	0.00092	0.00126	0.00134	0.00082	0.00125	0.00038	0.00309	0.00103
364	69281	0.00027	0.00035	0.00059	0.00091	0.00143	0.00045	0.00027	0.00071	0.00005	0.00115
365	85030	0.00095	0.00043	0.00193	0.00214	0.00130	0.00084	0.00205	0.00116	0.00222	0.00113
366	85038	0.00169	0.00025	0.00060	0.00048	0.00101	0.00049	0.00081	0.00092	0.00080	0.00038
367	101218	0.00019	0.00090	0.00085	0.00063	0.00027	0.00080	0.00139	0.00095	0.00161	0.00127
368	182266	0.00087	0.00166	0.00202	0.00076	0.00057	0.00054	0.00196	0.00120	0.00064	0.00639
369	201712	0.00115	0.00091	0.00009	0.00119	0.00020	0.00194	0.00261	0.00107	0.00052	0.00094
370	204107	0.00105	0.00066	0.00052	0.00052	0.00050	0.00051	0.00139	0.00019	0.00062	0.00090
371	208604	0.00069	0.00057	0.00102	0.00124	0.00006	0.00042	0.00149	0.00378	0.00188	0.00068
372	210611	0.00155	0.00039	0.00115	0.00105	0.00150	0.00146	0.00138	0.00127	0.00081	0.00072
373	227415	0.00050	0.00016	0.00006	0.00027	0.00024	0.00017	0.00039	0.00049	0.00038	0.00045
374	227456	0.00206	0.00099	0.00078	0.00155	0.00122	0.00045	0.00143	0.00111	0.00035	0.00455
375	238632	0.00109	0.00074	0.00098	0.00076	0.00119	0.00109	0.00153	0.00130	0.00138	0.00011
376	248799	0.00115	0.00297	0.00659	0.00061	0.00089	0.00171	0.00105	0.00050	0.00268	0.00289
377	100	0.00042	0.00084	0.00093	0.00021	0.00021	0.00764	0.00118	0.00043	0.00181	0.00150
378	1412	0.00198	0.00117	0.00137	0.00208	0.00129	0.00321	0.00077	0.00175	0.00181	0.00128
379	1828	0.00074	0.00100	0.00093	0.00075	0.00137	0.00056	0.00215	0.00182	0.00188	0.00052
380	6344	0.00054	0.00059	0.00037	0.00037	0.00034	0.00038	0.00016	0.00027	0.00026	0.00016
381	6471	0.00082	0.00046	0.00072	0.00105	0.00120	0.00317	0.00028	0.00225	0.00074	0.00049
382	7010	0.00216	0.00156	0.00112	0.00052	0.00044	0.00102	0.00107	0.00074	0.00117	0.00061
383	8548	0.00132	0.00140	0.00067	0.00085	0.00093	0.00075	0.00111	0.00304	0.00081	0.00140
384	8857	0.00441	0.00119	0.00065	0.00494	0.00134	0.00130	0.00097	0.00097	0.00010	0.00096
385	11059	0.00056	0.00113	0.00241	0.00089	0.00017	0.00063	0.00066	0.00056	0.00055	0.00163
386	11143	0.00071	0.00176	0.01223	0.00148	0.00100	0.00092	0.00115	0.00027	0.00082	0.00277
387	11488	0.00132	0.00075	0.00120	0.00088	0.00095	0.00117	0.00230	0.00197	0.00131	0.01084
388	11786	0.00170	0.00098	0.00071	0.00039	0.00026	0.00029	0.00050	0.00116	0.00137	0.00050
389	11873	0.00060	0.00055	0.00146	0.00094	0.00077	0.00102	0.00115	0.00050	0.00093	0.00071
390	12401	0.00040	0.00070	0.00099	0.00094	0.00066	0.00051	0.00072	0.00030	0.00049	0.00038
391	14759	0.00038	0.00018	0.00059	0.00138	0.00156	0.00114	0.00051	0.00094	0.00018	0.00111
392	14775	0.00144	0.00295	0.00055	0.00045	0.00144	0.00084	0.00056	0.00034	0.00237	0.00045
393	14875	0.00017	0.00124	0.00093	0.00104	0.00073	0.00039	0.00039	0.00039	0.00178	0.00024
394	15374	0.00286	0.00127	0.00076	0.00152	0.00022	0.00135	0.00088	0.00032	0.00212	0.00088
395	17867	0.00163	0.00064	0.00295	0.00794	0.00086	0.00075	0.00109	0.00021	0.00131	0.00277
396	19230	0.00229	0.00146	0.00140	0.00226	0.00149	0.00251	0.00130	0.00261	0.00356	0.00139
397	19589	0.00028	0.00087	0.00080	0.00039	0.00090	0.00103	0.00093	0.00091	0.00026	0.00039
398	19701	0.00111	0.00016	0.00058	0.00103	0.00068	0.00049	0.00202	0.00060	0.00071	0.00082
399	19710	0.00027	0.00113	0.00113	0.00038	0.00016	0.00164	0.00049	0.00005	0.00103	0.00070
400	21038	0.00048	0.00087	0.00094	0.00028	0.00051	0.00080	0.00214	0.00116	0.00063	0.00071
401	21109	0.00093	0.00037	0.00019	0.00105	0.00158	0.00029	0.00062	0.00029	0.00179	0.00051
402	22682	0.00308	0.00052	0.00063	0.00091	0.00109	0.00131	0.00210	0.00364	0.00058	0.00086
403	23214	0.00126	0.00034	0.00061	0.00040	0.00145	0.00125	0.00106	0.00106	0.00040	0.00071
404	23922	0.00073	0.00018	0.00071	0.00050	0.00059	0.00060	0.00150	0.00094	0.00126	0.00017
405	24279	0.00149	0.00464	0.00107	0.00172	0.00051	0.00106	0.00086	0.00065	0.00141	0.00076
406	24546	0.00088	0.00062	0.00056	0.00045	0.00071	0.00176	0.00067	0.00024	0.00228	0.00799
407	26847	0.00029	0.00201	0.00041	0.00041	0.00050	0.00128	0.00118	0.00301	0.00118	0.00189
408	27013	0.00309	0.00029	0.00124	0.00084	0.00119	0.00104	0.00139	0.00149	0.00063	0.00019
409	27519	0.00069	0.00060	0.00145	0.00209	0.00136	0.00159	0.00062	0.00172	0.00105	0.00057
410	27849	0.00051	0.00036	0.00025	0.00029	0.00056	0.00081	0.00127	0.00215	0.00083	0.00138
411	34435	0.00105	0.00051	0.00148	0.00063	0.00028	0.00557	0.00171	0.00041	0.00149	0.00093
412	34499	0.00019	0.00089	0.00052	0.00053	0.00135	0.00056	0.00106	0.00052	0.00080	0.00166
413	35056	0.00067	0.00043	0.00067	0.00470	0.00250	0.00098	0.00045	0.00143	0.00046	0.00076
414	37003	0.00125	0.00043	0.00031	0.00160	0.00134	0.00093	0.00066	0.00110	0.00633	0.00065
415	37500	0.00105	0.00055	0.00090	0.00028	0.00042	0.00077	0.00267	0.00235	0.00050	0.00081
416	37509	0.00043	0.00088	0.00314	0.00075	0.00041	0.00231	0.00097	0.00076	0.00088	0.00076
417	37664	0.00038	0.00034	0.00027	0.00039	0.00016	0.00050	0.00239	0.00247	0.00104	0.00024
418	39992	0.00055	0.00035	0.00015	0.00028	0.00016	0.00081	0.00061	0.00028	0.00049	0.00076
419	40178	0.00069	0.00148	0.00060	0.00027	0.00027	0.00016	0.00016	0.00016	0.00091	0.00005
420	41172	0.00094	0.00065	0.00018	0.00039	0.00036	0.00027	0.00072	0.00172	0.00081	0.00028
421	42104	0.00029	0.00027	0.00105	0.00051	0.00058	0.00092	0.00029	0.00029	0.00095	0.00072
422	42108	0.00007	0.00031	0.00049	0.00018	0.00007	0.00007	0.00007	0.00018	0.00007	0.00050
423	42109	0.00130	0.00124	0.00218	0.00382	0.00197	0.00055	0.00142	0.00099	0.00164	0.00181
424	42112	0.00062	0.00100	0.00104	0.00117	0.00059	0.00027	0.00029	0.00051	0.00264	0.00182
425	42114	0.00178	0.00401	0.00113	0.00102	0.00097	0.00133	0.00134	0.00080	0.00221	0.00180
426	42174	0.00082	0.00039	0.00016	0.00029	0.00054	0.00057	0.00179	0.00149	0.00065	0.00071
427	42526	0.00433	0.00074	0.00233	0.00251	0.00042	0.00234	0.00097	0.00228	0.00220	0.00159
428	43024	0.00116	0.00041	0.00129	0.00119	0.00127	0.00098	0.00153	0.00065	0.00097	0.00227
429	43622	0.00061	0.00055	0.00073	0.00060	0.00153	0.00071	0.00018	0.00029	0.00073	0.00049
430	43727	0.00098	0.00037	0.00039	0.00018	0.00017	0.00073	0.00018	0.00083	0.00135	0.00047
431	43765	0.00154	0.00050	0.00097	0.00031	0.00119	0.00114	0.00042	0.00172	0.00136	0.00147
432	43873	0.00095	0.00040	0.00070	0.00128	0.00104	0.00139	0.00075	0.00086	0.00073	0.00063
433	44005	0.00104	0.00039	0.00061	0.00039	0.00092	0.00092	0.00062	0.00147	0.00167	0.00072
434	44363	0.00051	0.00166	0.00245	0.00106	0.00099	0.00071	0.00062	0.00051	0.00085	0.00127
435	44911	0.00039	0.00058	0.00017	0.00060	0.00082	0.00137	0.00221	0.00049	0.00072	0.00006
436	44921	0.00103	0.00047	0.00067	0.00080	0.00047	0.00053	0.00049	0.00060	0.00056	0.00058
437	44951	0.00021	0.00041	0.00073	0.00021	0.00088	0.00076	0.00020	0.00053	0.00085	0.00032
438	45235	0.00033	0.00116	0.00054	0.00131	0.00266	0.00267	0.00076	0.00022	0.00055	0.00076
439	46807	0.00080	0.00079	0.00064	0.00042	0.00009	0.00020	0.00102	0.00085	0.00031	0.00052
440	47284	0.00016	0.00027	0.00135	0.00070	0.00065	0.00016	0.00016	0.00027	0.00111	0.00081
441	47743	0.00063	0.00038	0.00106	0.00053	0.00144	0.00160	0.00042	0.00063	0.00031	0.00042
442	47885	0.00376	0.00112	0.00102	0.00054	0.00133	0.00114	0.00032	0.00076	0.00075	0.00021
443	48283	0.00061	0.00006	0.00016	0.00050	0.00072	0.00071	0.00116	0.00082	0.00094	0.00084
444	49922	0.00005	0.00025	0.00036	0.00049	0.00104	0.00038	0.00016	0.00005	0.00059	0.00016
445	50180	0.00107	0.00098	0.00168	0.00065	0.00050	0.00101	0.00086	0.00086	0.00116	0.00164
446	50679	0.00045	0.00105	0.00164	0.00078	0.00179	0.00174	0.00089	0.00089	0.00164	0.00155
447	50761	0.00043	0.00210	0.00098	0.00120	0.00010	0.00097	0.00108	0.00043	0.00130	0.00268
448	51490	0.00060	0.00056	0.00093	0.00038	0.00118	0.00028	0.00202	0.00094	0.00039	0.00122
449	52108	0.00137	0.00040	0.00168	0.00106	0.00039	0.00354	0.00249	0.00151	0.00020	0.00073
450	52742	0.00100	0.00163	0.00057	0.00035	0.00065	0.00057	0.00089	0.00112	0.00056	0.00129
451	55170	0.00016	0.00034	0.00016	0.00070	0.00005	0.00057	0.00081	0.00060	0.00133	0.00015
452	55175	0.00022	0.00160	0.00328	0.00033	0.00062	0.00293	0.00076	0.00087	0.00039	0.00108
453	55577	0.00041	0.00050	0.00042	0.00052	0.00108	0.00062	0.00098	0.00096	0.00063	0.00051
454	56124	0.00152	0.00085	0.00179	0.00065	0.00118	0.00108	0.00097	0.00054	0.00120	0.00061
455	56454	0.01236	0.00124	0.00066	0.00066	0.00170	0.00150	0.00185	0.00197	0.00197	0.00065
456	57345	0.00079	0.00420	0.00264	0.00111	0.00546	0.00197	0.00177	0.00134	0.00112	0.00473
457	57381	0.00019	0.00049	0.00062	0.00050	0.00129	0.00073	0.00041	0.00040	0.00073	0.00083
458	57503	0.00066	0.00031	0.00056	0.00155	0.00184	0.00057	0.00144	0.00262	0.00089	0.00141
459	57736	0.00126	0.00188	0.00225	0.00095	0.00120	0.00143	0.00062	0.00051	0.00028	0.00147
460	59939	0.00083	0.00077	0.00103	0.00072	0.00066	0.00052	0.00029	0.00040	0.00114	0.00051
461	61980	0.00034	0.00029	0.00261	0.00337	0.00290	0.00056	0.00012	0.00066	0.00088	0.00055
462	64562	0.00049	0.00069	0.00115	0.00191	0.00043	0.00028	0.00104	0.00137	0.00166	0.00027
463	64979	0.00073	0.00096	0.00073	0.00062	0.00035	0.00117	0.00139	0.00030	0.00288	0.00062
464	65199	0.00046	0.00152	0.00080	0.00193	0.00088	0.00180	0.00065	0.00068	0.00046	0.00088
465	65211	0.00074	0.00070	0.00051	0.00105	0.00135	0.00041	0.00073	0.00323	0.00085	0.00052
466	65277	0.00006	0.00035	0.00006	0.00049	0.00071	0.00058	0.00006	0.00027	0.00006	0.00058
467	65286	0.00061	0.00018	0.00122	0.00040	0.00037	0.00051	0.00105	0.00041	0.00094	0.00028
468	65380	0.00130	0.00031	0.00105	0.00283	0.00268	0.00173	0.00240	0.00238	0.00173	0.00096
469	65394	0.00028	0.00085	0.00017	0.00028	0.00048	0.00038	0.00039	0.00039	0.00060	0.00039
470	65811	0.00052	0.00071	0.00030	0.00125	0.00040	0.00018	0.00107	0.00041	0.00095	0.00030
471	67227	0.00214	0.00038	0.00103	0.00007	0.00205	0.00076	0.00047	0.00029	0.00092	0.00040
472	67282	0.00029	0.00089	0.00062	0.00124	0.00029	0.00018	0.00137	0.00062	0.00084	0.00018
473	68659	0.00015	0.00037	0.00047	0.00058	0.00013	0.00015	0.00026	0.00026	0.00092	0.00015
474	69609	0.00153	0.00039	0.00103	0.00127	0.00023	0.00079	0.00039	0.00094	0.00050	0.00122
475	69932	0.00040	0.00138	0.00040	0.00161	0.00067	0.00050	0.00126	0.00148	0.00062	0.00341
476	72075	0.00102	0.00071	0.00058	0.00047	0.00081	0.00057	0.00090	0.00122	0.00161	0.00086
477	73076	0.00005	0.00025	0.00036	0.00049	0.00113	0.00038	0.00016	0.00005	0.00060	0.00016
478	73088	0.00054	0.00118	0.00052	0.00054	0.00212	0.00112	0.00110	0.00086	0.00067	0.00098
479	73459	0.00127	0.00017	0.00007	0.00007	0.00113	0.00011	0.00083	0.00094	0.00034	0.00028
480	75338	0.00017	0.00110	0.00081	0.00081	0.00048	0.00092	0.00126	0.00061	0.00180	0.00068
481	75420	0.00084	0.00184	0.00203	0.00053	0.00038	0.00108	0.00139	0.00395	0.00086	0.00149
482	75438	0.00053	0.00049	0.00221	0.00117	0.00238	0.00084	0.00063	0.00009	0.00064	0.00064
483	75509	0.00142	0.00090	0.00055	0.00176	0.00042	0.00303	0.00151	0.00132	0.00129	0.00098
484	78256	0.00154	0.00525	0.00034	0.00024	0.00054	0.00034	0.00198	0.00089	0.00206	0.00100
485	80616	0.00067	0.00150	0.00143	0.00111	0.00083	0.00045	0.00240	0.00122	0.00143	0.00735
486	81734	0.00008	0.00054	0.00052	0.00237	0.00058	0.00126	0.00030	0.00052	0.00072	0.00084
487	83077	0.00021	0.00052	0.00436	0.00054	0.00062	0.00063	0.00086	0.00042	0.00097	0.00184
488	83579	0.00028	0.00035	0.00049	0.00233	0.00056	0.00062	0.00061	0.00071	0.00039	0.00052
489	85784	0.00033	0.00063	0.00151	0.00121	0.00090	0.00065	0.00130	0.00020	0.00164	0.00115
490	88813	0.00050	0.00049	0.00215	0.00237	0.00039	0.00093	0.00117	0.00095	0.00094	0.00150
491	88930	0.00086	0.00080	0.00053	0.00060	0.00106	0.00030	0.00053	0.00075	0.00205	0.00061
492	89232	0.00084	0.00052	0.00084	0.00181	0.00203	0.00071	0.00042	0.00086	0.00074	0.00042
493	89557	0.00201	0.00036	0.00038	0.00028	0.00044	0.00123	0.00115	0.00268	0.00049	0.00049
494	89817	0.00029	0.00018	0.00113	0.00094	0.00029	0.00063	0.00139	0.00095	0.00187	0.00041
495	90778	0.00067	0.00065	0.00262	0.00318	0.00396	0.00116	0.00111	0.00111	0.00051	0.00130
496	91060	0.00266	0.00087	0.00083	0.00051	0.00085	0.00040	0.00040	0.00181	0.00105	0.00091
497	91162	0.00140	0.00150	0.00074	0.00096	0.00108	0.00215	0.00119	0.00371	0.00119	0.00147
498	91876	0.00043	0.00091	0.00119	0.00159	0.00066	0.00162	0.00175	0.00186	0.00163	0.00109
499	92229	0.00095	0.00100	0.00197	0.00052	0.00055	0.00116	0.00084	0.00040	0.00062	0.00062
500	92347	0.00185	0.00165	0.00142	0.00045	0.00102	0.00231	0.00208	0.00078	0.00098	0.00107
501	93726	0.00097	0.00073	0.00119	0.00075	0.00240	0.00163	0.00175	0.00239	0.00031	0.00160
502	94115	0.00053	0.00071	0.00221	0.00193	0.00061	0.00153	0.00086	0.00087	0.00194	0.00042
503	96266	0.00052	0.00178	0.00188	0.00128	0.00071	0.00095	0.00225	0.00052	0.00246	0.00149
504	99547	0.00174	0.00092	0.00303	0.00247	0.00100	0.00062	0.00277	0.00040	0.00171	0.00072
505	101096	0.00064	0.00114	0.00053	0.00074	0.00220	0.00077	0.00042	0.00042	0.00117	0.00039
506	102583	0.00016	0.00053	0.00048	0.00070	0.00037	0.00082	0.00082	0.00104	0.00092	0.00048
507	104164	0.00093	0.00056	0.00060	0.00073	0.00090	0.00152	0.00085	0.00387	0.00122	0.00133
508	104165	0.00079	0.00017	0.00116	0.00072	0.00035	0.00061	0.00061	0.00116	0.00050	0.00058
509	105524	0.00073	0.01312	0.00355	0.00149	0.00070	0.00183	0.00127	0.00051	0.00127	0.00286
510	106644	0.00171	0.00080	0.00356	0.00039	0.00057	0.00116	0.00138	0.00073	0.00427	0.00093
511	108169	0.00071	0.00152	0.00006	0.00028	0.00149	0.00016	0.00039	0.00060	0.00028	0.00049
512	108727	0.00032	0.00091	0.00223	0.00304	0.00216	0.00709	0.00129	0.00108	0.00130	0.00149
513	108760	0.00068	0.00016	0.00070	0.00126	0.00086	0.00308	0.00084	0.00127	0.00062	0.00050
514	108832	0.00180	0.00072	0.00192	0.00042	0.00030	0.00047	0.00315	0.00185	0.00037	0.00106
515	108836	0.00066	0.00293	0.00177	0.00045	0.00062	0.00099	0.00056	0.00044	0.00375	0.00034
516	108856	0.00016	0.00005	0.00080	0.00015	0.00058	0.00056	0.00081	0.00059	0.00060	0.00036
517	108884	0.00126	0.00096	0.00050	0.00061	0.00033	0.00072	0.00232	0.00029	0.00062	0.00091
518	108917	0.00120	0.00066	0.00023	0.00056	0.00222	0.00081	0.00132	0.00023	0.00110	0.00099
519	109081	0.00224	0.00178	0.00225	0.00109	0.00141	0.00086	0.00090	0.00079	0.00096	0.00089
520	109151	0.00083	0.00096	0.00028	0.00104	0.00041	0.00142	0.00354	0.00214	0.00039	0.00061
521	109205	0.00073	0.00154	0.00084	0.00062	0.00060	0.00030	0.00094	0.00051	0.00072	0.00019
522	109209	0.00060	0.00036	0.00081	0.00086	0.00079	0.00061	0.00038	0.00072	0.00083	0.00102
523	109251	0.00046	0.00101	0.00277	0.00200	0.00366	0.00208	0.00059	0.00178	0.00124	0.00091
524	109256	0.00103	0.00067	0.00079	0.00106	0.00068	0.00072	0.00084	0.00029	0.00073	0.00039
525	109302	0.00234	0.00066	0.00041	0.00295	0.00046	0.00051	0.00074	0.00063	0.00107	0.00040
526	109684	0.00059	0.00004	0.00058	0.00103	0.00025	0.00015	0.00080	0.00157	0.00059	0.00026
527	109976	0.00174	0.00042	0.00060	0.00050	0.00046	0.00029	0.00052	0.00019	0.00085	0.00019
528	110432	0.00017	0.00080	0.00114	0.00138	0.00028	0.00094	0.00050	0.00029	0.00078	0.00057
529	110688	0.00138	0.00036	0.00094	0.00083	0.00106	0.00227	0.00029	0.00039	0.00106	0.00028
530	111199	0.00006	0.00037	0.00121	0.00006	0.00072	0.00050	0.00017	0.00049	0.00027	0.00015
531	111601	0.00100	0.00074	0.00144	0.00317	0.00034	0.00165	0.00036	0.00057	0.00198	0.00612
532	112921	0.00066	0.00167	0.00055	0.00055	0.00279	0.00201	0.00155	0.00318	0.00238	0.00359
533	116183	0.00095	0.00061	0.00127	0.00040	0.00127	0.00138	0.00105	0.00248	0.00167	0.00252
534	119574	0.00074	0.00214	0.00052	0.00118	0.00091	0.00073	0.00283	0.00184	0.00310	0.00030
535	122133	0.00056	0.00058	0.00143	0.00038	0.00035	0.00043	0.00016	0.00071	0.00067	0.00006
536	123643	0.00091	0.00015	0.00049	0.00060	0.00035	0.00120	0.00049	0.00039	0.00083	0.00057
537	125830	0.00025	0.00016	0.00039	0.00038	0.00085	0.00164	0.00038	0.00027	0.00126	0.00017
538	126120	0.00119	0.00068	0.00021	0.00130	0.00092	0.00172	0.00076	0.00075	0.00125	0.00063
539	126483	0.00534	0.00081	0.00041	0.00194	0.00080	0.00085	0.00074	0.00053	0.00064	0.00276
540	126497	0.00127	0.00079	0.00077	0.00395	0.00041	0.00131	0.00164	0.00109	0.00033	0.00249
541	126501	0.00049	0.00088	0.00080	0.00103	0.00038	0.00048	0.00116	0.00050	0.00085	0.00018
542	126504	0.00038	0.00016	0.00059	0.00048	0.00120	0.00016	0.00038	0.00027	0.00081	0.00046
543	126508	0.00133	0.00033	0.00087	0.00045	0.00351	0.00131	0.00109	0.00089	0.00099	0.00085
544	126534	0.00164	0.00096	0.00023	0.00067	0.00125	0.00367	0.00089	0.00132	0.00166	0.00066
545	126550	0.00020	0.00267	0.00073	0.00053	0.00021	0.00031	0.00063	0.00042	0.00095	0.00054
546	126563	0.00048	0.00006	0.00024	0.00038	0.00082	0.00027	0.00038	0.00081	0.00017	0.00071
547	126565	0.00040	0.00478	0.00095	0.00138	0.00060	0.00085	0.00118	0.00073	0.00169	0.00105
548	126566	0.00031	0.00168	0.00119	0.00218	0.00062	0.00084	0.00280	0.00064	0.00261	0.00074
549	126570	0.00084	0.00049	0.00138	0.00107	0.00079	0.00111	0.00043	0.00021	0.00222	0.00032
550	126623	0.00095	0.00078	0.00137	0.00156	0.00126	0.00040	0.00356	0.00073	0.00094	0.00062
551	126625	0.00173	0.00051	0.00153	0.00159	0.00091	0.00176	0.00109	0.00077	0.00158	0.00094
552	126644	0.00037	0.00230	0.00092	0.00509	0.00085	0.00210	0.00092	0.00048	0.00081	0.00078
553	126646	0.00084	0.01416	0.00194	0.00116	0.00051	0.00117	0.00150	0.00106	0.00106	0.00138
554	127274	0.00072	0.00112	0.00052	0.00075	0.00039	0.00098	0.00085	0.00031	0.00091	0.00053
555	127920	0.00049	0.00070	0.00079	0.00081	0.00036	0.00049	0.00116	0.00081	0.00200	0.00059
556	127933	0.00010	0.00070	0.00054	0.00097	0.00144	0.00101	0.00076	0.00446	0.00087	0.00032
557	129723	0.00093	0.00031	0.00139	0.00043	0.00103	0.00076	0.00118	0.00131	0.00053	0.00032
558	130412	0.00073	0.00044	0.00134	0.00018	0.00029	0.00066	0.00007	0.00084	0.00047	0.00007
559	132446	0.00059	0.00165	0.00387	0.00059	0.00027	0.00075	0.00113	0.00081	0.00124	0.00161
560	132825	0.00166	0.00107	0.00090	0.00091	0.00140	0.00501	0.00254	0.00090	0.00350	0.00359
561	132966	0.00029	0.00086	0.00302	0.00488	0.00071	0.00084	0.00149	0.00160	0.00063	0.00084
562	133185	0.00121	0.00202	0.00138	0.00055	0.00153	0.00192	0.00259	0.00110	0.00141	0.00044
563	133221	0.00059	0.00181	0.00223	0.00102	0.00067	0.00068	0.00059	0.00070	0.00318	0.00436
564	133574	0.00094	0.00074	0.00079	0.00105	0.00067	0.00072	0.00083	0.00193	0.00127	0.00047
565	134838	0.00092	0.00160	0.00073	0.00139	0.00028	0.00073	0.00093	0.00007	0.00106	0.00203
566	136623	0.00057	0.00164	0.00270	0.00143	0.00038	0.00115	0.00144	0.00090	0.00200	0.00084
567	136718	0.00096	0.00115	0.00107	0.00129	0.00051	0.00050	0.00077	0.00065	0.00075	0.00011
568	136843	0.00054	0.00112	0.00043	0.00106	0.00081	0.00043	0.00054	0.00065	0.00086	0.00022
569	137181	0.00115	0.00154	0.00082	0.00094	0.00162	0.00961	0.00137	0.00115	0.00121	0.00737
570	137848	0.00006	0.00026	0.00006	0.00006	0.00017	0.00084	0.00006	0.00006	0.00006	0.00006
571	137915	0.00492	0.00144	0.00198	0.00066	0.00027	0.00096	0.00099	0.00122	0.00097	0.00109
572	138127	0.00024	0.00043	0.00057	0.00100	0.00336	0.00051	0.00099	0.00023	0.00067	0.00098
573	138306	0.00074	0.00051	0.00228	0.00075	0.00199	0.00129	0.00141	0.00040	0.00020	0.00052
574	140037	0.00101	0.00230	0.00133	0.00218	0.00079	0.00122	0.00059	0.00036	0.00243	0.00606
575	140106	0.00051	0.00017	0.00062	0.00084	0.00067	0.00050	0.00129	0.00041	0.00169	0.00050
576	140454	0.00126	0.00006	0.00116	0.00071	0.00063	0.00159	0.00124	0.00104	0.00114	0.00037
577	140904	0.00134	0.00023	0.00115	0.00049	0.00069	0.00081	0.00027	0.00027	0.00027	0.00089
578	141443	0.00187	0.00026	0.00028	0.00050	0.00049	0.00059	0.00061	0.00050	0.00083	0.00061
579	141461	0.00090	0.00117	0.00207	0.00041	0.00051	0.00095	0.00085	0.00138	0.00051	0.00131
580	141502	0.00055	0.00095	0.00076	0.00096	0.00171	0.00087	0.00044	0.00044	0.00238	0.00168
581	141522	0.00117	0.00072	0.00220	0.00085	0.00050	0.00052	0.00217	0.00107	0.00159	0.00095
582	141616	0.00054	0.00072	0.00044	0.00132	0.00041	0.00032	0.00098	0.00165	0.00043	0.00160
583	141664	0.00117	0.00082	0.00063	0.00097	0.00010	0.00094	0.00053	0.00065	0.00064	0.00021
584	141693	0.00042	0.00475	0.00149	0.00118	0.00095	0.00266	0.00063	0.00053	0.00118	0.00084
585	141756	0.00119	0.00096	0.00020	0.00053	0.00029	0.00042	0.00043	0.00241	0.00160	0.00115
586	141854	0.00091	0.00059	0.00053	0.00278	0.00049	0.00130	0.00074	0.00150	0.00203	0.00009
587	144319	0.00039	0.00070	0.00095	0.00149	0.00082	0.00113	0.00062	0.00310	0.00152	0.00190
588	145398	0.00161	0.00119	0.00074	0.00334	0.00040	0.00106	0.00129	0.00335	0.00201	0.00094
589	145622	0.00052	0.00081	0.00071	0.00181	0.00067	0.00084	0.00018	0.00072	0.00008	0.00051
590	146054	0.00022	0.00405	0.00088	0.00121	0.00094	0.00087	0.00132	0.00077	0.00415	0.00252
591	146373	0.00420	0.00060	0.00242	0.00031	0.00083	0.00102	0.00074	0.00075	0.00053	0.00101
592	147643	0.00516	0.00121	0.00064	0.00075	0.00060	0.00051	0.00097	0.00009	0.00182	0.00064
593	149459	0.00111	0.00067	0.00186	0.00586	0.00113	0.00034	0.00100	0.00188	0.00042	0.00124
594	149751	0.00059	0.00024	0.00037	0.00113	0.00079	0.00041	0.00070	0.00125	0.00033	0.00026
595	150201	0.00018	0.00037	0.00040	0.00125	0.00029	0.00018	0.00051	0.00050	0.00136	0.00039
596	150504	0.00285	0.00089	0.00084	0.00096	0.00118	0.00073	0.00074	0.00041	0.00030	0.00083
597	150806	0.00051	0.00028	0.00050	0.00116	0.00046	0.00100	0.00061	0.00063	0.00562	0.00051
598	151652	0.00111	0.00078	0.00046	0.00122	0.00252	0.00225	0.00057	0.00134	0.00238	0.00032
599	152138	0.00019	0.00119	0.00182	0.00125	0.00093	0.00168	0.00106	0.00106	0.00061	0.00084
600	153045	0.00030	0.00108	0.00018	0.00062	0.00051	0.00019	0.00168	0.00030	0.00040	0.00094
601	153394	0.00081	0.00005	0.00037	0.00113	0.00068	0.00016	0.00158	0.00157	0.00037	0.00048
602	156566	0.00057	0.00082	0.00018	0.00061	0.00092	0.00050	0.00061	0.00028	0.00094	0.00054
603	156622	0.00028	0.00060	0.00051	0.00040	0.00061	0.00062	0.00018	0.00117	0.00105	0.00064
604	157177	0.00060	0.00060	0.00316	0.00156	0.00076	0.00055	0.00083	0.00040	0.00079	0.00149
605	157318	0.00085	0.00059	0.00170	0.00174	0.00179	0.00075	0.00108	0.00119	0.00042	0.00085
606	157321	0.00348	0.00197	0.00136	0.00112	0.00239	0.00274	0.00358	0.00114	0.00264	0.00070
607	157440	0.00074	0.00018	0.00106	0.00063	0.00078	0.00062	0.00151	0.00107	0.00160	0.00344
608	160702	0.00108	0.00033	0.00098	0.00022	0.00237	0.00096	0.00044	0.00350	0.00047	0.00226
609	161805	0.00087	0.00055	0.00124	0.00136	0.00101	0.00032	0.00033	0.00086	0.00043	0.00087
610	161881	0.00126	0.00061	0.00043	0.00236	0.00076	0.00032	0.00041	0.00171	0.00025	0.00019
611	163010	0.00006	0.00290	0.00146	0.00050	0.00082	0.00093	0.00050	0.00061	0.00093	0.00203
612	163644	0.00064	0.00138	0.00085	0.00063	0.00150	0.00103	0.00129	0.00184	0.00084	0.00195
613	165523	0.00107	0.00050	0.00791	0.00032	0.00040	0.00053	0.00032	0.00032	0.00076	0.00138
614	165583	0.00095	0.00073	0.00138	0.00075	0.00072	0.00129	0.00167	0.00010	0.00108	0.00096
615	165614	0.00029	0.00057	0.00072	0.00191	0.00119	0.00051	0.00041	0.00183	0.00083	0.00081
616	166612	0.00204	0.00033	0.00282	0.00011	0.00022	0.00099	0.00088	0.00121	0.00054	0.00072
617	167654	0.00034	0.00303	0.00096	0.00067	0.00034	0.00078	0.00143	0.00077	0.00054	0.00012
618	167786	0.00080	0.00017	0.00083	0.00181	0.00045	0.00079	0.00205	0.00138	0.00137	0.00152
619	167851	0.00032	0.00145	0.00108	0.00065	0.00280	0.00058	0.00076	0.00032	0.00213	0.00163
620	167852	0.00054	0.00104	0.00164	0.00208	0.00251	0.00108	0.00185	0.00011	0.00298	0.00043
621	167911	0.00343	0.00159	0.00121	0.00110	0.00110	0.00307	0.00252	0.00109	0.00065	0.00131
622	167928	0.00066	0.00092	0.00130	0.00243	0.00054	0.00161	0.00154	0.00088	0.00398	0.00097
623	167933	0.00187	0.00361	0.00055	0.00056	0.00022	0.00046	0.00034	0.00034	0.00045	0.00046
624	167994	0.00123	0.00050	0.00050	0.00061	0.00173	0.00018	0.00007	0.00039	0.00062	0.00048
625	168001	0.00039	0.00135	0.00018	0.00039	0.00027	0.00029	0.00039	0.00050	0.00072	0.00049
626	168072	0.00041	0.00126	0.00041	0.00084	0.00069	0.00105	0.00030	0.00030	0.00063	0.00008
627	168129	0.00139	0.00104	0.00084	0.00010	0.00040	0.00042	0.00086	0.00305	0.00321	0.00031
628	168137	0.00151	0.00289	0.00175	0.00054	0.00053	0.00119	0.00055	0.00261	0.00099	0.00095
629	168423	0.00027	0.00058	0.00071	0.00038	0.00022	0.00135	0.00071	0.00092	0.00191	0.00016
630	169200	0.00217	0.00069	0.00296	0.00075	0.00075	0.00042	0.00185	0.00075	0.00203	0.00181
631	169308	0.00151	0.00084	0.00166	0.00066	0.00143	0.00137	0.00143	0.00206	0.00089	0.00120
632	169683	0.00170	0.00095	0.00051	0.00040	0.00061	0.00030	0.00062	0.00095	0.00100	0.00071
633	170253	0.00194	0.00166	0.00041	0.00426	0.00058	0.00349	0.00085	0.00118	0.00073	0.00128
634	171569	0.00104	0.00078	0.00137	0.00073	0.00084	0.00095	0.00287	0.00095	0.00095	0.00092
635	171730	0.00110	0.00067	0.00056	0.00496	0.00033	0.00534	0.00067	0.00078	0.00130	0.00177
636	173086	0.00178	0.00565	0.00287	0.00115	0.00153	0.00167	0.00071	0.00060	0.00137	0.00126
637	173192	0.00111	0.00286	0.00363	0.00089	0.00153	0.00159	0.00057	0.00154	0.00085	0.00413
638	175546	0.00119	0.00115	0.00042	0.00010	0.00041	0.00053	0.00086	0.00042	0.00148	0.00053
639	176096	0.00013	0.00231	0.00034	0.00024	0.00033	0.00055	0.00232	0.00286	0.00023	0.00056
640	176380	0.00143	0.00061	0.00094	0.00019	0.00124	0.00073	0.00095	0.00052	0.00052	0.00029
641	179918	0.00194	0.00094	0.00369	0.00099	0.00316	0.00285	0.00078	0.00360	0.00120	0.00199
642	180096	0.00044	0.00302	0.00236	0.00099	0.00074	0.00261	0.00055	0.00022	0.00139	0.00141
643	180719	0.00127	0.00115	0.00087	0.00076	0.00102	0.00065	0.00201	0.00173	0.00098	0.00130
644	180808	0.00091	0.00078	0.00061	0.00093	0.00047	0.00039	0.00201	0.00149	0.00093	0.00088
645	181789	0.00091	0.00155	0.00016	0.00028	0.00006	0.00059	0.00061	0.00027	0.00050	0.00006
646	182544	0.00088	0.00198	0.00237	0.00055	0.00269	0.00169	0.00174	0.00142	0.00142	0.00120
647	185669	0.00056	0.00131	0.00055	0.00153	0.00279	0.00111	0.00068	0.00045	0.00110	0.00122
648	187211	0.00074	0.00019	0.00413	0.00118	0.00030	0.00135	0.00108	0.00206	0.00083	0.00009
649	189607	0.00259	0.00038	0.00094	0.00096	0.00215	0.00126	0.00172	0.00228	0.00062	0.00049
650	190308	0.00088	0.00122	0.00024	0.00407	0.00118	0.00123	0.00122	0.00046	0.00183	0.00362
651	190556	0.00119	0.00064	0.00129	0.00131	0.00138	0.00031	0.00208	0.00219	0.00237	0.00317
652	190560	0.00117	0.00101	0.00041	0.00063	0.00061	0.00040	0.00030	0.00020	0.00093	0.00130
653	191202	0.00043	0.00127	0.00119	0.00097	0.00092	0.00093	0.00086	0.00076	0.00206	0.00090
654	192238	0.00084	0.00137	0.00073	0.00063	0.00057	0.00115	0.00095	0.00237	0.00105	0.00030
655	192736	0.00061	0.00117	0.00135	0.00060	0.00114	0.00039	0.00006	0.00071	0.00071	0.00122
656	192894	0.00212	0.00083	0.00033	0.00088	0.00117	0.00085	0.00044	0.00044	0.00138	0.00087
657	193504	0.00038	0.00061	0.00091	0.00027	0.00005	0.00070	0.00027	0.00092	0.00037	0.00071
658	193563	0.00124	0.00078	0.00280	0.00124	0.00058	0.00161	0.00168	0.00334	0.00107	0.00492
659	194156	0.00032	0.00075	0.00063	0.00053	0.00067	0.00086	0.00054	0.00087	0.00164	0.00082
660	194162	0.00053	0.00081	0.00279	0.00358	0.00149	0.00129	0.00195	0.00020	0.00159	0.00138
661	194899	0.00055	0.00166	0.00173	0.00121	0.00050	0.00245	0.00121	0.00066	0.00283	0.00192
662	195358	0.00083	0.00054	0.00220	0.00040	0.00068	0.00115	0.00150	0.00050	0.00202	0.00113
663	195359	0.00071	0.00016	0.00056	0.00050	0.00055	0.00086	0.00093	0.00204	0.00028	0.00038
664	195441	0.00042	0.00051	0.00133	0.00065	0.00089	0.00165	0.00065	0.00087	0.00057	0.00053
665	195515	0.00109	0.00155	0.00185	0.00240	0.00033	0.00150	0.00055	0.00044	0.00141	0.00192
666	195999	0.00049	0.00050	0.00038	0.00159	0.00028	0.00050	0.00105	0.00028	0.00007	0.00072
667	196285	0.00059	0.00079	0.00113	0.00103	0.00920	0.00088	0.00136	0.00026	0.00080	0.00343
668	196761	0.00041	0.00109	0.00159	0.00061	0.00019	0.00203	0.00193	0.00105	0.00137	0.00167
669	196775	0.00006	0.00039	0.00060	0.00070	0.00054	0.00039	0.00083	0.00060	0.00072	0.00072
670	196803	0.00116	0.00055	0.00050	0.00103	0.00037	0.00073	0.00214	0.00203	0.00058	0.00130
671	197378	0.00084	0.00040	0.00235	0.00051	0.00028	0.00062	0.00074	0.00117	0.00040	0.00109
672	198023	0.00109	0.00415	0.00171	0.00044	0.00094	0.00132	0.00110	0.00142	0.00066	0.00121
673	198103	0.00039	0.00052	0.00038	0.00050	0.00038	0.00020	0.00027	0.00060	0.00067	0.00061
674	199610	0.00053	0.00104	0.00811	0.00052	0.00050	0.00094	0.00290	0.00030	0.00181	0.00304
675	199926	0.00039	0.00103	0.00244	0.00072	0.00119	0.00807	0.00050	0.00072	0.00050	0.00104
676	200851	0.00090	0.00017	0.00087	0.00061	0.00050	0.00060	0.00028	0.00050	0.00017	0.00016
677	200857	0.00095	0.00108	0.00274	0.00118	0.00109	0.00087	0.00130	0.00474	0.00312	0.00184
678	200912	0.00098	0.00094	0.00028	0.00094	0.00047	0.00095	0.00083	0.00083	0.00158	0.00029
679	201278	0.00083	0.00039	0.00046	0.00018	0.00026	0.00071	0.00072	0.00093	0.00040	0.00076
680	201865	0.00034	0.00023	0.00012	0.00078	0.00133	0.00321	0.00067	0.00133	0.00055	0.00083
681	202443	0.00054	0.00139	0.00033	0.00055	0.00068	0.00040	0.00243	0.00121	0.00066	0.00067
682	202473	0.00180	0.00044	0.00046	0.00061	0.00134	0.00021	0.00038	0.00080	0.00122	0.00049
683	203180	0.00172	0.00050	0.00181	0.00128	0.00845	0.00107	0.00085	0.00128	0.00047	0.00094
684	203324	0.00027	0.00005	0.00016	0.00016	0.00047	0.00065	0.00093	0.00214	0.00056	0.00026
685	203690	0.00085	0.00100	0.00368	0.00076	0.00241	0.00102	0.00339	0.00086	0.00110	0.00065
686	204201	0.00128	0.00050	0.00074	0.00085	0.00009	0.00243	0.00108	0.00295	0.00129	0.00050
687	205230	0.00114	0.00142	0.00099	0.00114	0.00076	0.00081	0.00114	0.00048	0.00080	0.00650
688	205309	0.00061	0.00006	0.00039	0.00072	0.00075	0.00082	0.00060	0.00039	0.00049	0.00059
689	205421	0.00018	0.00055	0.00061	0.00062	0.00018	0.00122	0.00116	0.00095	0.00106	0.00089
690	207308	0.00160	0.00027	0.00384	0.00041	0.00152	0.00247	0.00370	0.00162	0.00152	0.00053
691	208602	0.00005	0.00067	0.00081	0.00059	0.00046	0.00037	0.00071	0.00048	0.00026	0.00038
692	209514	0.00314	0.00082	0.00110	0.00087	0.00074	0.00104	0.00187	0.00275	0.00310	0.00272
693	213816	0.00148	0.00158	0.00168	0.00070	0.00077	0.00110	0.00158	0.00027	0.00117	0.00207
694	213948	0.00017	0.00050	0.00007	0.00071	0.00018	0.00061	0.00049	0.00104	0.00050	0.00061
695	214091	0.00097	0.00195	0.00119	0.00131	0.00161	0.00106	0.00292	0.00393	0.00149	0.00138
696	215166	0.00073	0.00113	0.00051	0.00029	0.00050	0.00081	0.00029	0.00051	0.00029	0.00114
697	215732	0.00020	0.00114	0.00051	0.00041	0.00254	0.00074	0.00053	0.00052	0.00009	0.00053
698	216248	0.00108	0.00145	0.00033	0.00054	0.00225	0.00098	0.00077	0.00174	0.00120	0.00204
699	217255	0.00154	0.00040	0.00154	0.00063	0.00157	0.00128	0.00085	0.00292	0.00117	0.00117
700	217268	0.00168	0.00010	0.00108	0.00086	0.00173	0.00108	0.00276	0.00184	0.00108	0.00064
701	217465	0.00134	0.00027	0.00006	0.00105	0.00059	0.00025	0.00072	0.00146	0.00018	0.00049
702	217670	0.00088	0.00298	0.00296	0.00211	0.00089	0.00186	0.00416	0.00079	0.00210	0.00166
703	217845	0.00051	0.00057	0.00029	0.00105	0.00027	0.00082	0.00106	0.00106	0.00189	0.00090
704	218088	0.00046	0.00035	0.00101	0.00232	0.00068	0.00057	0.00090	0.00090	0.00090	0.00431
705	219209	0.00217	0.00157	0.00132	0.00098	0.01105	0.00121	0.00088	0.00110	0.00242	0.00077
706	220229	0.00107	0.00051	0.00086	0.00097	0.00266	0.00168	0.00344	0.00250	0.00162	0.00085
707	223499	0.00081	0.00055	0.00038	0.00016	0.00016	0.00066	0.00068	0.00115	0.00095	0.00037
708	223853	0.00052	0.00271	0.00030	0.00143	0.00093	0.00073	0.00150	0.00258	0.00060	0.00040
709	224681	0.00171	0.00152	0.00307	0.00063	0.00192	0.00114	0.00140	0.00149	0.00086	0.00052
710	224714	0.00117	0.00113	0.00129	0.00182	0.00166	0.00052	0.00151	0.00085	0.00149	0.00051
711	225996	0.00053	0.00043	0.00105	0.00064	0.00134	0.00098	0.00152	0.00351	0.00076	0.00053
712	227720	0.00086	0.00093	0.00042	0.00283	0.00080	0.00124	0.00109	0.00364	0.00082	0.00087
713	228999	0.00039	0.00151	0.00159	0.00038	0.00007	0.00040	0.00093	0.00017	0.00061	0.00094
714	229406	0.00038	0.00006	0.00027	0.00016	0.00006	0.00027	0.00082	0.00155	0.00059	0.00204
715	229416	0.00051	0.00063	0.00073	0.00020	0.00094	0.00084	0.00217	0.00292	0.00064	0.00382
716	229695	0.00010	0.00050	0.00062	0.00095	0.00038	0.00053	0.00065	0.00086	0.00021	0.00051
717	230155	0.00094	0.00008	0.00096	0.00063	0.00036	0.00072	0.00085	0.00206	0.00073	0.00075
718	230507	0.00017	0.00043	0.00069	0.00083	0.00025	0.00082	0.00073	0.00128	0.00061	0.00018
719	230979	0.00012	0.00033	0.00271	0.00149	0.00053	0.00023	0.00034	0.00045	0.00122	0.00144
720	233181	0.00019	0.00069	0.00162	0.00052	0.00039	0.00052	0.00096	0.00052	0.00139	0.00514
721	233550	0.00022	0.00062	0.00088	0.00098	0.00065	0.00062	0.00065	0.00088	0.00033	0.00271
722	234072	0.00160	0.00103	0.00236	0.00096	0.00277	0.00061	0.00086	0.00097	0.00143	0.00347
723	236632	0.00005	0.00041	0.00026	0.00005	0.00080	0.00015	0.00059	0.00070	0.00015	0.00016
724	236831	0.00056	0.00077	0.00488	0.00067	0.00127	0.00670	0.00045	0.00023	0.00024	0.00250
725	237330	0.00070	0.00184	0.00161	0.00170	0.00058	0.00064	0.00074	0.00074	0.00084	0.00201
726	237946	0.00118	0.00072	0.00118	0.00052	0.00059	0.00083	0.00083	0.00063	0.00141	0.00073
727	237981	0.00037	0.00071	0.00093	0.00159	0.00165	0.00137	0.00089	0.00148	0.00158	0.00082
728	238436	0.00016	0.00058	0.00036	0.00077	0.00036	0.00026	0.00027	0.00092	0.00049	0.00049
729	238516	0.00072	0.00055	0.00064	0.00054	0.00141	0.00076	0.00086	0.00077	0.00087	0.00227
730	238544	0.00073	0.00073	0.00084	0.00083	0.00100	0.00106	0.00084	0.00139	0.00105	0.00062
731	243473	0.00038	0.00034	0.00016	0.00038	0.00043	0.00037	0.00059	0.00082	0.00070	0.00005
732	243608	0.00085	0.00060	0.00060	0.00134	0.00195	0.00127	0.00094	0.00062	0.00072	0.00040
733	244449	0.00040	0.00074	0.00018	0.00133	0.00066	0.00064	0.00029	0.00051	0.00071	0.00029
734	248640	0.00085	0.00037	0.00052	0.00054	0.00153	0.00169	0.00118	0.00192	0.00063	0.00075
735	250921	0.00100	0.00270	0.00352	0.00210	0.00112	0.00167	0.00055	0.00034	0.00175	0.00106
736	251066	0.00074	0.00046	0.00031	0.00063	0.00114	0.00076	0.00085	0.00096	0.00140	0.00106
737	251285	0.00114	0.00035	0.00017	0.00057	0.00054	0.00116	0.00071	0.00116	0.00056	0.00017
738	251303	0.00075	0.00180	0.00186	0.00216	0.00101	0.00066	0.00044	0.00055	0.00638	0.00132
739	251308	0.00149	0.00047	0.00037	0.00100	0.00033	0.00040	0.00168	0.00258	0.00059	0.00027
740	251310	0.00066	0.00040	0.00167	0.00098	0.00159	0.00075	0.00076	0.00075	0.00523	0.00070
741	251358	0.00049	0.00016	0.00060	0.00048	0.00076	0.00057	0.00038	0.00136	0.00046	0.00038
742	251368	0.00148	0.00072	0.00108	0.00053	0.00072	0.00046	0.00141	0.00184	0.00064	0.00096
743	251636	0.00053	0.00173	0.00160	0.00305	0.00200	0.00097	0.00021	0.00053	0.00301	0.00054
744	252730	0.00031	0.00082	0.00021	0.00064	0.00030	0.00098	0.00021	0.00065	0.00181	0.00126
745	258424	0.00119	0.00170	0.00050	0.00226	0.00168	0.00025	0.00205	0.00153	0.00050	0.00162
746	258486	0.00132	0.00520	0.00168	0.00113	0.00183	0.00181	0.00223	0.00114	0.00146	0.00113
747	258558	0.00164	0.00340	0.00250	0.00122	0.00057	0.00118	0.00172	0.00066	0.00535	0.00369
748	258593	0.00141	0.00079	0.00195	0.00131	0.00070	0.00368	0.00119	0.00185	0.00150	0.00145
749	258953	0.00072	0.00110	0.00061	0.00083	0.00049	0.00168	0.00212	0.00128	0.00050	0.00029
750	259127	0.00040	0.00048	0.00029	0.00040	0.00045	0.00123	0.00040	0.00029	0.00211	0.00049
751	259359	0.00072	0.00054	0.00049	0.00115	0.00112	0.00101	0.00072	0.00050	0.00136	0.00170
752	259393	0.00038	0.00063	0.00071	0.00101	0.00059	0.00070	0.00082	0.00103	0.00093	0.00017
753	259664	0.00457	0.00120	0.00109	0.00101	0.00589	0.00057	0.00091	0.00112	0.00069	0.00076
754	260087	0.00038	0.00015	0.00046	0.00016	0.00026	0.00079	0.00104	0.00102	0.00094	0.00056
755	15776	0.00102	0.00006	0.00068	0.00050	0.00059	0.00080	0.00116	0.00345	0.00122	0.00125
756	25067	0.00082	0.00038	0.00082	0.00116	0.00071	0.00122	0.00030	0.00302	0.00061	0.00092
757	28610	0.00153	0.00162	0.00184	0.00066	0.00073	0.00132	0.00339	0.00241	0.00291	0.00096
758	40390	0.00178	0.00050	0.00158	0.00087	0.00128	0.00266	0.00108	0.00284	0.00086	0.00150
759	40412	0.00042	0.00029	0.00038	0.00086	0.00105	0.00064	0.00187	0.00064	0.00207	0.00053
760	49501	0.00094	0.00115	0.00074	0.00063	0.00079	0.00074	0.00215	0.00370	0.00105	0.00072
761	57969	0.00241	0.00033	0.00087	0.00055	0.00293	0.00109	0.00186	0.00110	0.00089	0.00214
762	110829	0.00073	0.00008	0.00429	0.00029	0.00038	0.00105	0.00139	0.00029	0.00062	0.00228
763	110932	0.00030	0.00113	0.00030	0.00040	0.00081	0.00094	0.00063	0.00084	0.00072	0.00058
764	110977	0.00061	0.00006	0.00061	0.00203	0.00053	0.00090	0.00127	0.00083	0.00125	0.00031
765	110982	0.00050	0.00061	0.00050	0.00062	0.00082	0.00029	0.00150	0.00180	0.00392	0.00029
766	110987	0.00107	0.00069	0.00129	0.00063	0.00084	0.00154	0.00064	0.00118	0.00212	0.00063
767	111008	0.00103	0.00037	0.00030	0.00041	0.00044	0.00052	0.00073	0.00052	0.00008	0.00156
768	111011	0.00129	0.00080	0.00031	0.00043	0.00049	0.00042	0.00163	0.00140	0.00213	0.00086
769	111056	0.00112	0.00143	0.00050	0.00029	0.00040	0.00059	0.00083	0.00007	0.00018	0.00090
770	111069	0.00089	0.00117	0.00118	0.00101	0.00107	0.00293	0.00112	0.00177	0.00112	0.00192
771	111087	0.00043	0.00073	0.00140	0.00087	0.00058	0.00053	0.00203	0.00065	0.00098	0.00276
772	111088	0.00290	0.00044	0.00056	0.00045	0.00204	0.00090	0.00044	0.00130	0.00281	0.00055
773	111091	0.00041	0.00080	0.00052	0.00162	0.00153	0.00124	0.00085	0.00140	0.00063	0.00052
774	112326	0.00064	0.00081	0.00150	0.00084	0.00189	0.00140	0.00097	0.00304	0.00054	0.00021
775	128294	0.00018	0.00007	0.00027	0.00102	0.00049	0.00039	0.00025	0.00051	0.00018	0.00007
776	128299	0.00101	0.00161	0.00047	0.00198	0.00260	0.00195	0.00178	0.00079	0.00112	0.00141
777	133323	0.00052	0.00057	0.00084	0.00208	0.00080	0.00084	0.00032	0.00031	0.00064	0.00039
778	133485	0.00198	0.00087	0.00288	0.00341	0.00463	0.00059	0.00081	0.00114	0.00048	0.00081
779	200638	0.00093	0.00068	0.00048	0.00072	0.00068	0.00171	0.00018	0.00072	0.00090	0.00017
780	208431	0.00117	0.00048	0.00039	0.00157	0.00086	0.00029	0.00051	0.00018	0.00084	0.00156
781	208432	0.00064	0.00123	0.00063	0.00087	0.00159	0.00141	0.00162	0.00075	0.00194	0.00072
782	208909	0.00028	0.00102	0.00061	0.00017	0.00079	0.00071	0.00061	0.00017	0.00039	0.00132
783	239203	0.00028	0.00103	0.00170	0.00049	0.00028	0.00127	0.00040	0.00093	0.00148	0.00209
784	250610	0.00151	0.00155	0.00088	0.00045	0.00321	0.00260	0.00132	0.00209	0.00034	0.00044
785	251618	0.00186	0.00097	0.00034	0.00034	0.00081	0.00183	0.00110	0.00099	0.00067	0.00105
786	14446	0.00137	0.00074	0.00107	0.00184	0.00326	0.00208	0.00110	0.00065	0.00108	0.00052
787	14768	0.00039	0.00069	0.00040	0.00105	0.00058	0.00143	0.00029	0.00080	0.00050	0.00029
788	20556	0.00087	0.00050	0.00138	0.00107	0.00199	0.00085	0.00311	0.00152	0.00112	0.00064
789	24605	0.00045	0.00192	0.00194	0.00066	0.00225	0.00074	0.00045	0.00044	0.00044	0.00177
790	26585	0.00092	0.00062	0.00074	0.00096	0.00051	0.00244	0.00107	0.00075	0.00215	0.00114
791	43554	0.00076	0.00156	0.00164	0.00076	0.00103	0.00173	0.00164	0.00055	0.00142	0.00043
792	43815	0.00019	0.00049	0.00030	0.00083	0.00210	0.00125	0.00095	0.00215	0.00140	0.00084
793	47019	0.00032	0.00082	0.00032	0.00075	0.00051	0.00048	0.00108	0.00125	0.00321	0.00010
794	50770	0.00317	0.00150	0.00066	0.00672	0.00577	0.00147	0.00045	0.00122	0.00063	0.00066
795	52875	0.00293	0.00095	0.00126	0.00226	0.00051	0.00251	0.00119	0.00086	0.00309	0.00094
796	86249	0.00066	0.00110	0.00055	0.00132	0.00406	0.00164	0.00055	0.00022	0.00043	0.00108
797	91347	0.00181	0.00159	0.00052	0.00042	0.00173	0.00063	0.00131	0.00109	0.00053	0.00133
798	91766	0.00072	0.00054	0.00028	0.00143	0.00038	0.00039	0.00050	0.00039	0.00083	0.00007
799	100075	0.00118	0.00123	0.00073	0.00150	0.00059	0.00289	0.00107	0.00074	0.00085	0.00095
800	111227	0.00081	0.00039	0.00049	0.00083	0.00148	0.00122	0.00139	0.00279	0.00030	0.00091
801	115402	0.00016	0.00005	0.00005	0.00027	0.00069	0.00016	0.00016	0.00081	0.00026	0.00016
802	127826	0.00195	0.00117	0.00075	0.00120	0.00047	0.00042	0.00153	0.00021	0.00084	0.00076
803	144899	0.00081	0.00046	0.00145	0.00395	0.00310	0.00167	0.00267	0.00288	0.00113	0.00091
804	147453	0.00082	0.00113	0.00085	0.00096	0.00168	0.00233	0.00096	0.00020	0.00096	0.00084
805	150254	0.00222	0.00145	0.00158	0.00071	0.00491	0.00103	0.00082	0.00038	0.00071	0.00157
806	156728	0.00565	0.00030	0.00073	0.00238	0.00055	0.00158	0.00107	0.00019	0.00148	0.00212
807	169116	0.00442	0.00373	0.00341	0.00179	0.00290	0.00225	0.00299	0.00060	0.00104	0.00521
808	172446	0.00043	0.00100	0.00141	0.00043	0.00091	0.00166	0.00086	0.00054	0.00043	0.00064
809	174674	0.00062	0.00033	0.00197	0.00050	0.00070	0.00157	0.00105	0.00039	0.00081	0.00092
810	201101	0.00010	0.00043	0.00087	0.00106	0.00313	0.00028	0.00097	0.00043	0.00032	0.00191
811	205022	0.00071	0.00088	0.00062	0.00219	0.00049	0.00131	0.00073	0.00106	0.00145	0.00029
812	208461	0.00180	0.00040	0.00054	0.00065	0.00070	0.00140	0.00054	0.00065	0.00180	0.00071
813	213023	0.00011	0.00107	0.00131	0.00088	0.00256	0.00011	0.00087	0.00033	0.00055	0.00118
814	233131	0.00131	0.00043	0.00209	0.00066	0.00060	0.00121	0.00110	0.00098	0.00418	0.00160
815	250324	0.00090	0.00207	0.00337	0.00134	0.00488	0.00099	0.00035	0.00068	0.00046	0.00134
816	256084	0.00084	0.00067	0.00062	0.00040	0.00038	0.00054	0.00322	0.00085	0.00068	0.00154
817	256144	0.00055	0.00021	0.00064	0.00055	0.00136	0.00023	0.00078	0.00045	0.00056	0.00086
818	115	0.00181	0.00264	0.00554	0.00119	0.00084	0.00127	0.00207	0.00087	0.00127	0.00285
819	1366	0.00070	0.01022	0.00156	0.00059	0.00079	0.00104	0.00158	0.00136	0.00060	0.00125
820	1837	0.00016	0.00033	0.00016	0.00048	0.00027	0.00027	0.00027	0.00027	0.00005	0.00016
821	2393	0.00075	0.00100	0.00256	0.00032	0.00374	0.00246	0.00075	0.00032	0.00063	0.00129
822	5005	0.00029	0.00029	0.00071	0.00084	0.00084	0.00190	0.00095	0.00029	0.00106	0.00169
823	5809	0.00064	0.00085	0.00032	0.00021	0.00088	0.00032	0.00087	0.00164	0.00336	0.00042
824	7460	0.00337	0.00073	0.00192	0.00108	0.00083	0.00104	0.00162	0.00107	0.00076	0.00307
825	7490	0.00005	0.00016	0.00027	0.00037	0.00102	0.00048	0.00071	0.00049	0.00049	0.00085
826	8333	0.00067	0.00247	0.00047	0.00069	0.00101	0.00057	0.00058	0.00046	0.00057	0.00170
827	8501	0.00061	0.00070	0.00154	0.00224	0.00036	0.00081	0.00048	0.00062	0.00146	0.00124
828	8534	0.00096	0.00155	0.00073	0.00085	0.00037	0.00082	0.00139	0.00117	0.00138	0.00128
829	8744	0.00139	0.00043	0.00087	0.00087	0.00149	0.00086	0.00140	0.00054	0.00094	0.00075
830	9443	0.00047	0.00745	0.00036	0.00069	0.00167	0.00080	0.00167	0.00221	0.00025	0.00058
831	11273	0.00072	0.00016	0.00017	0.00006	0.00128	0.00028	0.00072	0.00050	0.00017	0.00035
832	11338	0.00060	0.00065	0.00187	0.00049	0.00027	0.00060	0.00082	0.00083	0.00115	0.00134
833	11412	0.00102	0.00081	0.00135	0.00047	0.00147	0.00217	0.00113	0.00080	0.00079	0.00405
834	12328	0.00058	0.00097	0.00068	0.00186	0.00613	0.00176	0.00080	0.00047	0.00124	0.00057
835	14643	0.00128	0.00079	0.00052	0.00030	0.00056	0.00088	0.00162	0.00031	0.00064	0.00051
836	14653	0.00108	0.00053	0.00053	0.00153	0.00082	0.00086	0.00117	0.00119	0.00054	0.00236
837	15262	0.00567	0.00308	0.00089	0.00090	0.00093	0.00047	0.00068	0.00134	0.00208	0.00024
838	16390	0.00060	0.00037	0.00028	0.00061	0.00101	0.00093	0.00115	0.00028	0.00059	0.00082
839	16985	0.00083	0.00140	0.00105	0.00114	0.00129	0.00055	0.00181	0.00127	0.00057	0.00104
840	21003	0.00109	0.00180	0.00190	0.00193	0.00098	0.00211	0.00099	0.00088	0.00142	0.00130
841	21721	0.00086	0.00082	0.00135	0.00042	0.00061	0.00264	0.00130	0.00041	0.00040	0.00105
842	21961	0.00019	0.00061	0.00226	0.00019	0.00008	0.00095	0.00095	0.00051	0.00063	0.00128
843	22581	0.00112	0.00117	0.00069	0.00102	0.00198	0.00774	0.00080	0.00037	0.00080	0.00046
844	23678	0.00064	0.00069	0.00071	0.00043	0.00049	0.00086	0.00076	0.00120	0.00022	0.00141
845	29996	0.00170	0.00081	0.00131	0.00118	0.00130	0.00083	0.00085	0.00107	0.00086	0.00094
846	30742	0.00176	0.00080	0.00079	0.00134	0.00042	0.00035	0.00112	0.00079	0.00613	0.00078
847	33245	0.00199	0.00086	0.00037	0.00006	0.00091	0.00027	0.00017	0.00016	0.00091	0.00028
848	33316	0.00053	0.00080	0.00031	0.00094	0.00166	0.00052	0.00129	0.00074	0.00113	0.00071
849	33402	0.00115	0.00036	0.00069	0.00047	0.00045	0.00053	0.00071	0.00060	0.00044	0.00058
850	33408	0.00093	0.00107	0.00043	0.00044	0.00287	0.00076	0.00196	0.00196	0.00121	0.00308
851	33412	0.00106	0.00030	0.00164	0.00207	0.00056	0.00118	0.00160	0.00183	0.00064	0.00073
852	33413	0.00179	0.00015	0.00066	0.00038	0.00038	0.00060	0.00235	0.00213	0.00092	0.00038
853	33420	0.00113	0.00048	0.00048	0.00072	0.00026	0.00028	0.00135	0.00060	0.00072	0.00017
854	33792	0.00248	0.00027	0.00083	0.00118	0.00106	0.00402	0.00052	0.00304	0.00159	0.00083
855	33908	0.00036	0.01547	0.00244	0.00167	0.00100	0.00178	0.00123	0.00036	0.00102	0.00156
856	35407	0.00105	0.00047	0.00072	0.00061	0.00038	0.00141	0.00187	0.00061	0.00135	0.00039
857	37079	0.00064	0.00090	0.00162	0.00086	0.00021	0.00060	0.00184	0.00252	0.00043	0.00200
858	38063	0.00037	0.00015	0.00015	0.00004	0.00015	0.00068	0.00015	0.00047	0.00047	0.00047
859	38274	0.00146	0.00040	0.00085	0.00148	0.00061	0.00101	0.00063	0.00095	0.00119	0.00008
860	40030	0.00052	0.00067	0.00052	0.00074	0.00069	0.00156	0.00333	0.00196	0.00053	0.00054
861	42535	0.00041	0.00161	0.00072	0.00099	0.00069	0.00132	0.00030	0.00050	0.00036	0.00040
862	42950	0.00122	0.00121	0.00122	0.00067	0.00134	0.00207	0.00265	0.00536	0.00176	0.00120
863	43134	0.00084	0.00046	0.00050	0.00137	0.00092	0.00019	0.00094	0.00051	0.00105	0.00030
864	43799	0.00009	0.00049	0.00053	0.00031	0.00073	0.00128	0.00118	0.00086	0.00075	0.00042
865	45592	0.00038	0.00036	0.00037	0.00232	0.00026	0.00081	0.00103	0.00082	0.00092	0.00070
866	46342	0.00027	0.00068	0.00113	0.00082	0.00016	0.00130	0.00093	0.00202	0.00132	0.00089
867	47485	0.00074	0.00158	0.00063	0.00302	0.00113	0.00166	0.00325	0.00064	0.00287	0.00129
868	47967	0.00200	0.00125	0.00130	0.00099	0.00057	0.00165	0.00131	0.00131	0.00679	0.00197
869	48796	0.00100	0.00226	0.00187	0.00124	0.00213	0.00134	0.00222	0.00101	0.00101	0.00284
870	48958	0.00022	0.00030	0.00054	0.00055	0.00057	0.00066	0.00044	0.00064	0.00087	0.00218
871	50063	0.00109	0.00077	0.00060	0.00016	0.00038	0.00058	0.00016	0.00060	0.00027	0.00071
872	51814	0.00345	0.00109	0.00057	0.00296	0.00035	0.00068	0.00080	0.00168	0.00025	0.00066
873	53467	0.00082	0.00087	0.00035	0.00095	0.00057	0.00029	0.00061	0.00040	0.00018	0.00050
874	55831	0.00052	0.00102	0.00042	0.00041	0.00052	0.00431	0.00162	0.00185	0.00075	0.00020
875	56027	0.00258	0.00049	0.00063	0.00173	0.00055	0.00117	0.00140	0.00195	0.00084	0.00062
876	57104	0.00083	0.00047	0.00072	0.00529	0.00062	0.00156	0.00061	0.00149	0.00072	0.00141
877	58381	0.00049	0.00097	0.00050	0.00028	0.00098	0.00060	0.00192	0.00039	0.00168	0.00093
878	58895	0.00120	0.00199	0.00067	0.00077	0.00114	0.00045	0.00013	0.00045	0.00067	0.00206
879	59719	0.00098	0.00149	0.00086	0.00130	0.00088	0.00202	0.00131	0.00076	0.00108	0.00105
880	59748	0.00045	0.00109	0.00177	0.00100	0.02056	0.00136	0.00100	0.00100	0.00285	0.00100
881	61705	0.00225	0.00421	0.00076	0.00066	0.00328	0.00088	0.00108	0.00373	0.00130	0.00055
882	62826	0.00082	0.00055	0.00069	0.00071	0.00049	0.00070	0.00114	0.00060	0.00080	0.00048
883	62928	0.00025	0.00015	0.00026	0.00004	0.00022	0.00059	0.00059	0.00037	0.00058	0.00004
884	63516	0.00083	0.00047	0.00123	0.00127	0.00106	0.00080	0.00127	0.00171	0.00040	0.00104
885	65078	0.00065	0.00302	0.00126	0.00021	0.00095	0.00043	0.00065	0.00076	0.00173	0.00042
886	65357	0.00134	0.00441	0.00145	0.00102	0.00173	0.00141	0.00102	0.00069	0.00061	0.00215
887	66429	0.00083	0.00071	0.00050	0.00159	0.00113	0.00091	0.00080	0.00083	0.00051	0.00082
888	68012	0.00106	0.00120	0.00055	0.00153	0.00022	0.00131	0.00110	0.00066	0.00132	0.00147
889	68049	0.00006	0.00027	0.00028	0.00048	0.00057	0.00039	0.00027	0.00120	0.00039	0.00028
890	68359	0.00017	0.00036	0.00038	0.00114	0.00046	0.00070	0.00235	0.00331	0.00068	0.00017
891	68465	0.00082	0.00035	0.00080	0.00029	0.00095	0.00038	0.00106	0.00093	0.00197	0.00029
892	68535	0.00164	0.00225	0.00111	0.00077	0.00080	0.00177	0.00088	0.00254	0.00110	0.00131
893	68601	0.00162	0.00137	0.00053	0.00096	0.00080	0.00152	0.00086	0.00107	0.00169	0.00020
894	68642	0.00027	0.00037	0.00017	0.00105	0.00068	0.00101	0.00017	0.00039	0.00072	0.00028
895	68720	0.00197	0.00097	0.00089	0.00024	0.00523	0.00089	0.00342	0.00079	0.00144	0.00131
896	68817	0.00082	0.00093	0.00084	0.00051	0.00063	0.00135	0.00376	0.00095	0.00122	0.00083
897	70118	0.00044	0.00076	0.00124	0.00055	0.00050	0.00078	0.00121	0.00240	0.00108	0.00076
898	71576	0.00095	0.00234	0.00107	0.00030	0.00051	0.00050	0.00073	0.00030	0.00052	0.00041
899	72029	0.00077	0.00299	0.00469	0.00055	0.00039	0.00160	0.00033	0.00076	0.00556	0.00139
900	73033	0.00217	0.00029	0.00084	0.00019	0.00051	0.00052	0.00052	0.00074	0.00062	0.00046
901	74411	0.00014	0.00188	0.00045	0.00014	0.00023	0.00014	0.00014	0.00014	0.00014	0.00014
902	74639	0.00188	0.00052	0.00033	0.00034	0.00041	0.01462	0.00012	0.00153	0.00170	0.00045
903	77648	0.00126	0.00007	0.00018	0.00106	0.00057	0.00072	0.00149	0.00202	0.00104	0.00090
904	81031	0.00096	0.00296	0.00086	0.00108	0.00063	0.00222	0.00270	0.00228	0.00021	0.00226
905	81891	0.00056	0.00015	0.00026	0.00015	0.00015	0.00004	0.00015	0.00004	0.00037	0.00035
906	82369	0.00004	0.00004	0.00037	0.00025	0.00035	0.00014	0.00059	0.00004	0.00048	0.00026
907	83120	0.00054	0.00074	0.00130	0.00131	0.00204	0.00190	0.00054	0.00032	0.00064	0.00151
908	83130	0.00141	0.00164	0.00052	0.00021	0.00107	0.00169	0.00064	0.00097	0.00074	0.00085
909	83483	0.00127	0.00108	0.00125	0.00040	0.00098	0.00051	0.00062	0.00182	0.00051	0.00030
910	83494	0.00027	0.00005	0.00065	0.00027	0.00005	0.00027	0.00126	0.00049	0.00016	0.00074
911	84016	0.00062	0.00063	0.00095	0.00050	0.00054	0.00084	0.00029	0.00138	0.00049	0.00029
912	87057	0.00106	0.00197	0.00053	0.00117	0.00042	0.00042	0.00063	0.00042	0.00130	0.00084
913	87414	0.00053	0.00068	0.00033	0.00074	0.00097	0.00053	0.00032	0.00021	0.00054	0.00101
914	87419	0.00104	0.00025	0.00093	0.00061	0.00045	0.00214	0.00073	0.00073	0.00018	0.00102
915	87420	0.00040	0.00039	0.00050	0.00029	0.00148	0.00051	0.00182	0.00084	0.00028	0.00178
916	87429	0.00042	0.00117	0.00108	0.00206	0.00068	0.00134	0.00074	0.00052	0.00009	0.00030
917	87430	0.00043	0.00110	0.00051	0.00204	0.00278	0.00022	0.00294	0.00087	0.00042	0.00054
918	87436	0.00057	0.00086	0.00110	0.00285	0.00174	0.00147	0.00154	0.00046	0.00204	0.00131
919	87439	0.00213	0.00157	0.00050	0.00007	0.00084	0.00248	0.00215	0.00082	0.00050	0.00144
920	87443	0.00092	0.00036	0.00458	0.00050	0.00061	0.00082	0.00094	0.00149	0.00180	0.00094
921	87445	0.00155	0.00110	0.00187	0.00654	0.00084	0.00059	0.00026	0.00048	0.00091	0.00092
922	87450	0.00054	0.00066	0.00054	0.00160	0.00251	0.00125	0.00065	0.00075	0.00054	0.00072
923	87453	0.00082	0.00026	0.00098	0.00050	0.00075	0.00054	0.00047	0.00137	0.00104	0.00036
924	87457	0.00074	0.00049	0.00051	0.00192	0.00184	0.00134	0.00106	0.00062	0.00122	0.00090
925	87461	0.00051	0.00064	0.00057	0.00040	0.00076	0.00152	0.00095	0.00062	0.00127	0.00018
926	87463	0.00079	0.00075	0.00090	0.00069	0.00101	0.00101	0.00080	0.00135	0.00058	0.00518
927	89389	0.00066	0.00037	0.00058	0.00048	0.00015	0.00081	0.00015	0.00048	0.00059	0.00026
928	89397	0.00043	0.00255	0.00286	0.00044	0.00044	0.00076	0.00043	0.00043	0.00043	0.00086
929	89897	0.00071	0.00241	0.00138	0.00256	0.00082	0.00019	0.00150	0.00073	0.00116	0.00148
930	90091	0.00096	0.00038	0.00143	0.00043	0.00112	0.00032	0.00169	0.00140	0.00136	0.00053
931	90881	0.00103	0.00065	0.00104	0.00040	0.00052	0.00065	0.00062	0.00007	0.00083	0.00039
932	90883	0.00238	0.00092	0.00096	0.00420	0.00041	0.00111	0.00161	0.00064	0.00049	0.00146
933	90891	0.00022	0.00102	0.00074	0.00011	0.00083	0.00044	0.00032	0.00076	0.00055	0.00054
934	90892	0.00127	0.00048	0.00072	0.00018	0.00159	0.00051	0.00106	0.00117	0.00105	0.00039
935	91434	0.00115	0.00132	0.00136	0.00075	0.00053	0.00067	0.00020	0.00163	0.00104	0.00075
936	91663	0.00042	0.00136	0.00219	0.00162	0.00082	0.00310	0.00096	0.00042	0.00321	0.00083
937	91711	0.00040	0.00077	0.00147	0.00073	0.00100	0.00073	0.00138	0.00062	0.00093	0.00050
938	92303	0.00028	0.00016	0.00072	0.00071	0.00026	0.00104	0.00413	0.00474	0.00124	0.00064
939	92425	0.00162	0.00019	0.00030	0.00085	0.00095	0.00042	0.00053	0.00096	0.00042	0.00052
940	93323	0.00101	0.00086	0.00069	0.00068	0.00096	0.00588	0.00069	0.00058	0.00091	0.00069
941	93522	0.00180	0.00061	0.00060	0.00106	0.00144	0.00161	0.00106	0.00181	0.00138	0.00082
942	93802	0.00022	0.00103	0.00252	0.00043	0.00041	0.00079	0.00152	0.00022	0.00033	0.00117
943	95386	0.00044	0.00960	0.00121	0.00460	0.00135	0.00088	0.00341	0.00033	0.00088	0.00165
944	95397	0.00129	0.00053	0.00391	0.00032	0.00096	0.00148	0.00480	0.00075	0.00316	0.00174
945	97034	0.00171	0.00169	0.00034	0.00034	0.00033	0.00055	0.00066	0.00066	0.00054	0.00271
946	98174	0.00061	0.00017	0.00017	0.00028	0.00042	0.00094	0.00028	0.00039	0.00165	0.00017
947	99145	0.00096	0.00048	0.00084	0.00117	0.00213	0.00139	0.00139	0.00094	0.00172	0.00116
948	99797	0.00029	0.00050	0.00027	0.00125	0.00071	0.00092	0.00028	0.00083	0.00062	0.00032
949	99828	0.00152	0.00079	0.00121	0.00064	0.00088	0.00020	0.00152	0.00064	0.00259	0.00140
950	100037	0.00130	0.00080	0.00091	0.00239	0.00172	0.00138	0.00065	0.00268	0.00206	0.00127
951	100336	0.00051	0.00077	0.00051	0.00029	0.00725	0.00193	0.00117	0.00084	0.00116	0.00062
952	100488	0.00005	0.00023	0.00055	0.00047	0.00015	0.00026	0.00060	0.00037	0.00005	0.00005
953	101088	0.00018	0.00027	0.00041	0.00228	0.00048	0.00050	0.00019	0.00008	0.00030	0.00029
954	101777	0.00029	0.00070	0.00105	0.00084	0.00066	0.00078	0.00063	0.00273	0.00112	0.00139
955	101951	0.00082	0.00026	0.00050	0.00050	0.00110	0.00060	0.00049	0.00189	0.00059	0.00090
956	102198	0.00034	0.00287	0.00294	0.00078	0.00065	0.00066	0.00035	0.00068	0.00023	0.00920
957	103931	0.00051	0.00073	0.00421	0.00086	0.00030	0.00041	0.00116	0.00020	0.00063	0.00151
958	104470	0.00066	0.00270	0.00065	0.00067	0.00277	0.00067	0.00098	0.00218	0.00143	0.00100
959	105099	0.00093	0.00115	0.00029	0.00040	0.00116	0.00062	0.00051	0.00061	0.00159	0.00038
960	107324	0.00075	0.00062	0.00042	0.00042	0.00135	0.00094	0.00140	0.00108	0.00119	0.00092
961	107421	0.00064	0.00061	0.00110	0.00098	0.00074	0.00069	0.00087	0.00120	0.00095	0.00087
962	107820	0.00005	0.00065	0.00015	0.00015	0.00067	0.00027	0.00093	0.00071	0.00048	0.00048
963	108935	0.00059	0.00078	0.00104	0.00071	0.00037	0.00081	0.00148	0.00126	0.00121	0.00093
964	110893	0.00129	0.00104	0.00130	0.00043	0.00097	0.00239	0.00054	0.00130	0.00086	0.00471
965	111237	0.00116	0.00097	0.00028	0.00050	0.00049	0.00083	0.00092	0.00061	0.00095	0.00039
966	112162	0.00183	0.00167	0.00225	0.00109	0.00063	0.00097	0.00206	0.00054	0.00172	0.00239
967	112841	0.00024	0.00339	0.00208	0.00111	0.00109	0.00100	0.00013	0.00198	0.00121	0.00215
968	113462	0.00050	0.00060	0.00062	0.00116	0.00166	0.00100	0.00106	0.00095	0.00168	0.00083
969	114239	0.00011	0.00073	0.00105	0.00076	0.00070	0.00271	0.00153	0.00173	0.00377	0.00174
970	115910	0.00627	0.00268	0.00065	0.00076	0.00031	0.00044	0.00120	0.00098	0.00109	0.00022
971	116263	0.00291	0.00058	0.00318	0.00094	0.00094	0.00066	0.00162	0.00204	0.00080	0.00061
972	117383	0.00026	0.00042	0.00026	0.00026	0.00014	0.00015	0.00015	0.00136	0.00037	0.00026
973	117513	0.00097	0.00155	0.00184	0.00456	0.00430	0.00119	0.00195	0.00096	0.00086	0.00108
974	117942	0.00065	0.00063	0.00118	0.00158	0.00192	0.00283	0.00097	0.00021	0.00212	0.00108
975	117979	0.00026	0.00024	0.00004	0.00037	0.00014	0.00015	0.00037	0.00048	0.00114	0.00015
976	119402	0.00217	0.00126	0.00053	0.00280	0.00401	0.00247	0.00228	0.00109	0.00105	0.00072
977	119700	0.00126	0.00113	0.00115	0.00193	0.00076	0.00244	0.00072	0.00246	0.00104	0.00060
978	119751	0.00031	0.00029	0.00203	0.00139	0.00116	0.00053	0.00129	0.00161	0.00244	0.00135
979	122469	0.00054	0.00209	0.00053	0.00108	0.00021	0.00068	0.00172	0.00108	0.00072	0.00097
980	123448	0.00054	0.00032	0.00205	0.00032	0.00049	0.00058	0.00054	0.00098	0.00061	0.00032
981	123475	0.00129	0.00103	0.00199	0.00106	0.00096	0.00136	0.00160	0.00108	0.00129	0.00085
982	123766	0.00095	0.00137	0.00118	0.00129	0.00100	0.00053	0.00330	0.00053	0.00385	0.00106
983	123959	0.00150	0.00040	0.00009	0.00042	0.00047	0.00198	0.00638	0.00020	0.00042	0.00052
984	123988	0.00038	0.00038	0.00028	0.00124	0.00036	0.00043	0.00006	0.00017	0.00035	0.00046
985	125452	0.00131	0.00060	0.00109	0.00055	0.00157	0.00164	0.00109	0.00197	0.00230	0.00369
986	125468	0.00026	0.00179	0.00157	0.00292	0.00163	0.00080	0.00037	0.00037	0.00155	0.00080
987	125472	0.00116	0.00091	0.00082	0.00199	0.00036	0.00061	0.00039	0.00072	0.00039	0.00028
988	125473	0.00029	0.00048	0.00083	0.00030	0.00056	0.00085	0.00095	0.00194	0.00052	0.00102
989	125474	0.00044	0.00056	0.00043	0.00044	0.00347	0.00044	0.00274	0.00076	0.00131	0.00137
990	125476	0.00364	0.00484	0.00092	0.00060	0.00051	0.00099	0.00201	0.00169	0.00124	0.00081
991	125488	0.00019	0.00177	0.00104	0.00073	0.00162	0.00148	0.00052	0.00063	0.00138	0.00161
992	125491	0.00096	0.00096	0.00141	0.00073	0.00105	0.00095	0.00053	0.00096	0.00234	0.00040
993	125510	0.00108	0.00409	0.00130	0.00032	0.00049	0.00097	0.00142	0.00305	0.00043	0.00389
994	125522	0.00188	0.00254	0.00057	0.00101	0.00130	0.00544	0.00068	0.00079	0.00064	0.00121
995	125536	0.00062	0.00018	0.00029	0.00250	0.00029	0.00127	0.00085	0.00118	0.00093	0.00086
996	125552	0.00064	0.00097	0.00205	0.00184	0.00187	0.00106	0.00229	0.00075	0.00119	0.00140
997	125554	0.00041	0.00169	0.00083	0.00101	0.00036	0.00153	0.00041	0.00040	0.00021	0.00112
998	125566	0.00248	0.00098	0.00097	0.00130	0.00164	0.00106	0.00043	0.00086	0.00093	0.00064
999	125567	0.00048	0.00005	0.00059	0.00059	0.00005	0.00058	0.00103	0.00049	0.00059	0.00076
