0	1	0.00886	0.00863	0.00871	0.00872	0.00884	0.00870	0.00871	0.00873	0.00877	0.00872
1	2	0.00834	0.00835	0.00831	0.00850	0.00842	0.00841	0.00832	0.00843	0.00838	0.00830
2	3	0.01263	0.01199	0.01174	0.01225	0.01160	0.01153	0.01198	0.01217	0.01148	0.01187
3	4	0.00864	0.00867	0.00868	0.00858	0.00881	0.00860	0.00856	0.00850	0.00858	0.00859
4	5	0.00841	0.00852	0.00839	0.00838	0.00836	0.00833	0.00844	0.00840	0.00840	0.00848
5	6	0.01291	0.01323	0.01386	0.01331	0.01305	0.01355	0.01324	0.01339	0.01381	0.01367
6	7	0.00857	0.00847	0.00853	0.00852	0.00863	0.00860	0.00859	0.00868	0.00861	0.00857
7	8	0.00868	0.00856	0.00859	0.00871	0.00890	0.00867	0.00862	0.00850	0.00861	0.00861
8	9	0.01046	0.01111	0.01058	0.01057	0.01083	0.01095	0.01088	0.01060	0.01074	0.01066
9	10	0.00817	0.00817	0.00815	0.00817	0.00816	0.00815	0.00815	0.00816	0.00815	0.00817
10	11	0.00817	0.00817	0.00815	0.00817	0.00816	0.00815	0.00815	0.00816	0.00815	0.00817
11	12	0.00818	0.00818	0.00816	0.00817	0.00817	0.00816	0.00817	0.00820	0.00816	0.00820
12	13	0.00817	0.00817	0.00815	0.00817	0.00816	0.00815	0.00815	0.00816	0.00815	0.00817
13	14	0.00817	0.00817	0.00815	0.00817	0.00816	0.00815	0.00815	0.00816	0.00815	0.00817
14	15	0.00819	0.00818	0.00816	0.00819	0.00817	0.00817	0.00816	0.00817	0.00817	0.00817
15	16	0.00819	0.00820	0.00817	0.00819	0.00818	0.00820	0.00816	0.00816	0.00817	0.00821
16	17	0.00823	0.00829	0.00824	0.00826	0.00821	0.00824	0.00823	0.00824	0.00826	0.00824
17	18	0.00817	0.00817	0.00815	0.00817	0.00816	0.00815	0.00815	0.00816	0.00815	0.00817
18	19	0.00817	0.00817	0.00815	0.00817	0.00816	0.00815	0.00815	0.00816	0.00815	0.00817
19	20	0.00817	0.00817	0.00815	0.00817	0.00816	0.00815	0.00815	0.00816	0.00815	0.00817
20	21	0.00821	0.00818	0.00816	0.00818	0.00817	0.00817	0.00818	0.00820	0.00816	0.00818
21	22	0.00817	0.00817	0.00815	0.00817	0.00816	0.00815	0.00815	0.00816	0.00815	0.00817
22	23	0.00817	0.00817	0.00815	0.00817	0.00816	0.00815	0.00815	0.00816	0.00815	0.00817
23	24	0.00821	0.00819	0.00819	0.00820	0.00821	0.00820	0.00818	0.00819	0.00819	0.00823
24	25	0.00817	0.00817	0.00815	0.00817	0.00816	0.00815	0.00815	0.00816	0.00815	0.00817
25	26	0.00817	0.00817	0.00815	0.00817	0.00816	0.00815	0.00815	0.00816	0.00815	0.00817
26	27	0.00817	0.00817	0.00815	0.00817	0.00816	0.00815	0.00815	0.00816	0.00815	0.00817
27	28	0.00817	0.00817	0.00815	0.00817	0.00816	0.00815	0.00815	0.00816	0.00815	0.00817
28	29	0.00819	0.00818	0.00821	0.00818	0.00818	0.00820	0.00821	0.00819	0.00819	0.00819
29	30	0.00817	0.00817	0.00815	0.00817	0.00816	0.00815	0.00815	0.00816	0.00815	0.00817
30	31	0.00817	0.00817	0.00815	0.00817	0.00816	0.00815	0.00815	0.00816	0.00815	0.00817
31	32	0.00817	0.00817	0.00815	0.00817	0.00816	0.00815	0.00815	0.00816	0.00815	0.00817
32	33	0.00819	0.00819	0.00819	0.00818	0.00818	0.00819	0.00817	0.00818	0.00818	0.00824
33	34	0.00817	0.00817	0.00815	0.00817	0.00816	0.00815	0.00815	0.00816	0.00815	0.00817
34	35	0.00817	0.00817	0.00815	0.00817	0.00816	0.00815	0.00815	0.00816	0.00815	0.00817
35	36	0.00817	0.00817	0.00815	0.00817	0.00816	0.00815	0.00815	0.00816	0.00815	0.00817
36	37	0.00817	0.00817	0.00815	0.00817	0.00816	0.00815	0.00815	0.00816	0.00815	0.00817
37	38	0.00817	0.00817	0.00815	0.00817	0.00816	0.00815	0.00815	0.00816	0.00815	0.00817
38	39	0.00819	0.00818	0.00815	0.00817	0.00817	0.00816	0.00819	0.00817	0.00817	0.00817
39	40	0.00817	0.00817	0.00815	0.00817	0.00816	0.00815	0.00815	0.00816	0.00815	0.00817
40	41	0.00817	0.00817	0.00815	0.00817	0.00816	0.00815	0.00815	0.00816	0.00815	0.00817
41	42	0.00817	0.00818	0.00816	0.00819	0.00821	0.00816	0.00816	0.00816	0.00817	0.00819
42	43	0.00817	0.00817	0.00815	0.00817	0.00816	0.00815	0.00815	0.00816	0.00815	0.00817
43	44	0.00817	0.00817	0.00815	0.00817	0.00816	0.00815	0.00815	0.00816	0.00815	0.00817
44	45	0.00819	0.00818	0.00816	0.00819	0.00817	0.00817	0.00816	0.00817	0.00817	0.00817
45	46	0.00817	0.00817	0.00815	0.00817	0.00816	0.00815	0.00815	0.00816	0.00815	0.00817
46	47	0.00817	0.00817	0.00815	0.00817	0.00816	0.00815	0.00815	0.00816	0.00815	0.00817
47	48	0.00817	0.00817	0.00815	0.00817	0.00816	0.00815	0.00815	0.00816	0.00815	0.00817
48	49	0.00817	0.00817	0.00815	0.00817	0.00816	0.00815	0.00815	0.00816	0.00815	0.00817
49	50	0.00817	0.00817	0.00815	0.00817	0.00816	0.00815	0.00815	0.00816	0.00815	0.00817
50	51	0.00817	0.00817	0.00815	0.00817	0.00816	0.00815	0.00815	0.00816	0.00815	0.00817
51	52	0.00820	0.00818	0.00816	0.00819	0.00817	0.00817	0.00817	0.00818	0.00816	0.00818
52	53	0.00817	0.00817	0.00815	0.00817	0.00816	0.00815	0.00815	0.00816	0.00815	0.00817
53	54	0.00817	0.00817	0.00815	0.00817	0.00816	0.00815	0.00815	0.00816	0.00815	0.00817
54	55	0.00817	0.00817	0.00815	0.00817	0.00816	0.00815	0.00815	0.00816	0.00815	0.00817
55	56	0.00817	0.00817	0.00815	0.00817	0.00816	0.00815	0.00815	0.00816	0.00815	0.00817
56	57	0.00817	0.00817	0.00815	0.00817	0.00816	0.00815	0.00815	0.00816	0.00815	0.00817
57	58	0.00817	0.00817	0.00815	0.00817	0.00816	0.00815	0.00815	0.00816	0.00815	0.00817
58	59	0.00818	0.00818	0.00817	0.00817	0.00816	0.00816	0.00816	0.00817	0.00817	0.00819
59	60	0.00838	0.00827	0.00828	0.00841	0.00831	0.00829	0.00828	0.00830	0.00826	0.00832
60	61	0.00817	0.00817	0.00815	0.00817	0.00816	0.00815	0.00815	0.00816	0.00815	0.00817
61	62	0.00824	0.00823	0.00823	0.00823	0.00819	0.00822	0.00822	0.00821	0.00823	0.00823
62	63	0.00817	0.00817	0.00815	0.00817	0.00816	0.00815	0.00815	0.00816	0.00815	0.00817
63	64	0.00817	0.00817	0.00815	0.00817	0.00816	0.00815	0.00815	0.00816	0.00815	0.00817
64	65	0.00817	0.00817	0.00815	0.00817	0.00816	0.00815	0.00815	0.00816	0.00815	0.00817
65	66	0.00817	0.00817	0.00815	0.00817	0.00816	0.00815	0.00815	0.00816	0.00815	0.00817
66	67	0.00817	0.00817	0.00815	0.00817	0.00816	0.00815	0.00815	0.00816	0.00815	0.00817
67	68	0.00817	0.00817	0.00815	0.00817	0.00816	0.00815	0.00815	0.00816	0.00815	0.00817
68	69	0.00817	0.00817	0.00815	0.00817	0.00816	0.00815	0.00815	0.00816	0.00815	0.00817
69	70	0.00817	0.00817	0.00815	0.00817	0.00816	0.00815	0.00815	0.00816	0.00815	0.00817
70	71	0.00817	0.00817	0.00815	0.00817	0.00816	0.00815	0.00815	0.00816	0.00815	0.00817
71	72	0.00822	0.00822	0.00818	0.00819	0.00818	0.00817	0.00817	0.00821	0.00818	0.00823
72	73	0.00817	0.00817	0.00815	0.00817	0.00816	0.00815	0.00815	0.00816	0.00815	0.00817
73	74	0.00817	0.00817	0.00815	0.00817	0.00816	0.00815	0.00815	0.00816	0.00815	0.00817
74	75	0.00817	0.00817	0.00815	0.00817	0.00816	0.00815	0.00815	0.00816	0.00815	0.00817
75	76	0.00817	0.00817	0.00815	0.00817	0.00816	0.00815	0.00815	0.00816	0.00815	0.00817
76	77	0.00817	0.00817	0.00815	0.00817	0.00816	0.00815	0.00815	0.00816	0.00815	0.00817
77	78	0.00817	0.00817	0.00815	0.00817	0.00816	0.00815	0.00815	0.00816	0.00815	0.00817
78	79	0.00817	0.00817	0.00815	0.00817	0.00816	0.00815	0.00815	0.00816	0.00815	0.00817
79	80	0.00817	0.00817	0.00815	0.00817	0.00816	0.00815	0.00815	0.00816	0.00815	0.00817
80	81	0.00817	0.00817	0.00815	0.00817	0.00816	0.00815	0.00815	0.00816	0.00815	0.00817
81	82	0.00818	0.00818	0.00817	0.00817	0.00816	0.00816	0.00816	0.00817	0.00817	0.00819
82	83	0.00817	0.00817	0.00815	0.00817	0.00816	0.00815	0.00815	0.00816	0.00815	0.00817
83	84	0.00817	0.00817	0.00815	0.00817	0.00816	0.00815	0.00815	0.00816	0.00815	0.00817
84	85	0.00817	0.00817	0.00815	0.00817	0.00816	0.00815	0.00815	0.00816	0.00815	0.00817
85	86	0.00817	0.00817	0.00815	0.00817	0.00816	0.00815	0.00815	0.00816	0.00815	0.00817
86	87	0.00817	0.00818	0.00819	0.00822	0.00818	0.00817	0.00817	0.00816	0.00817	0.00819
87	88	0.00820	0.00820	0.00818	0.00820	0.00819	0.00818	0.00819	0.00822	0.00819	0.00819
88	89	0.00817	0.00817	0.00815	0.00817	0.00816	0.00815	0.00815	0.00816	0.00815	0.00817
89	90	0.00817	0.00817	0.00815	0.00817	0.00816	0.00815	0.00815	0.00816	0.00815	0.00817
90	91	0.00817	0.00817	0.00815	0.00817	0.00816	0.00815	0.00815	0.00816	0.00815	0.00817
91	92	0.00817	0.00817	0.00815	0.00817	0.00816	0.00815	0.00815	0.00816	0.00815	0.00817
92	93	0.00817	0.00817	0.00815	0.00817	0.00816	0.00815	0.00815	0.00816	0.00815	0.00817
93	94	0.00817	0.00817	0.00815	0.00817	0.00816	0.00815	0.00815	0.00816	0.00815	0.00817
94	95	0.00817	0.00817	0.00815	0.00817	0.00816	0.00815	0.00815	0.00816	0.00815	0.00817
95	96	0.00817	0.00817	0.00815	0.00817	0.00816	0.00815	0.00815	0.00816	0.00815	0.00817
96	97	0.00817	0.00817	0.00815	0.00817	0.00816	0.00815	0.00815	0.00816	0.00815	0.00817
97	98	0.00817	0.00817	0.00815	0.00817	0.00816	0.00815	0.00815	0.00816	0.00815	0.00817
98	99	0.00818	0.00818	0.00816	0.00819	0.00818	0.00816	0.00816	0.00817	0.00816	0.00818
99	100	0.00817	0.00817	0.00815	0.00817	0.00816	0.00815	0.00815	0.00816	0.00815	0.00817
100	101	0.00817	0.00817	0.00815	0.00817	0.00816	0.00815	0.00815	0.00816	0.00815	0.00817
101	102	0.00817	0.00817	0.00815	0.00817	0.00816	0.00815	0.00815	0.00816	0.00815	0.00817
102	103	0.00817	0.00817	0.00815	0.00817	0.00816	0.00815	0.00815	0.00816	0.00815	0.00817
103	104	0.00817	0.00817	0.00815	0.00817	0.00816	0.00815	0.00815	0.00816	0.00815	0.00817
104	105	0.00817	0.00817	0.00815	0.00817	0.00816	0.00815	0.00815	0.00816	0.00815	0.00817
105	106	0.00817	0.00817	0.00815	0.00817	0.00816	0.00815	0.00815	0.00816	0.00815	0.00817
106	107	0.00817	0.00817	0.00815	0.00817	0.00816	0.00815	0.00815	0.00816	0.00815	0.00817
107	108	0.00817	0.00817	0.00815	0.00817	0.00816	0.00815	0.00815	0.00816	0.00815	0.00817
108	109	0.00817	0.00817	0.00815	0.00817	0.00816	0.00815	0.00815	0.00816	0.00815	0.00817
109	110	0.00817	0.00817	0.00815	0.00817	0.00816	0.00815	0.00815	0.00816	0.00815	0.00817
110	111	0.00817	0.00817	0.00815	0.00817	0.00816	0.00815	0.00815	0.00816	0.00815	0.00817
111	112	0.00818	0.00818	0.00816	0.00820	0.00817	0.00816	0.00815	0.00818	0.00816	0.00818
112	113	0.00825	0.00822	0.00824	0.00826	0.00823	0.00823	0.00824	0.00827	0.00826	0.00825
113	114	0.00817	0.00817	0.00815	0.00817	0.00816	0.00815	0.00815	0.00816	0.00815	0.00817
114	115	0.00817	0.00817	0.00815	0.00817	0.00816	0.00815	0.00815	0.00816	0.00815	0.00817
115	116	0.00817	0.00818	0.00816	0.00818	0.00816	0.00816	0.00817	0.00817	0.00817	0.00819
116	117	0.00817	0.00817	0.00815	0.00817	0.00816	0.00815	0.00815	0.00816	0.00815	0.00817
117	118	0.00821	0.00819	0.00815	0.00818	0.00817	0.00816	0.00817	0.00816	0.00816	0.00818
118	119	0.00817	0.00817	0.00815	0.00817	0.00816	0.00815	0.00815	0.00816	0.00815	0.00817
119	120	0.00818	0.00818	0.00816	0.00817	0.00817	0.00816	0.00818	0.00819	0.00816	0.00818
120	121	0.00817	0.00817	0.00815	0.00817	0.00816	0.00815	0.00815	0.00816	0.00815	0.00817
121	122	0.00817	0.00817	0.00815	0.00817	0.00816	0.00815	0.00815	0.00816	0.00815	0.00817
122	123	0.00817	0.00817	0.00815	0.00817	0.00816	0.00815	0.00815	0.00816	0.00815	0.00817
123	124	0.00817	0.00817	0.00815	0.00817	0.00816	0.00815	0.00815	0.00816	0.00815	0.00817
124	125	0.00817	0.00817	0.00815	0.00817	0.00816	0.00815	0.00815	0.00816	0.00815	0.00817
125	126	0.00819	0.00818	0.00816	0.00819	0.00820	0.00818	0.00816	0.00816	0.00817	0.00818
126	127	0.00817	0.00817	0.00815	0.00817	0.00816	0.00815	0.00815	0.00816	0.00815	0.00817
127	128	0.00817	0.00817	0.00815	0.00817	0.00816	0.00815	0.00815	0.00816	0.00815	0.00817
128	129	0.00817	0.00817	0.00815	0.00817	0.00816	0.00815	0.00815	0.00816	0.00815	0.00817
129	130	0.00817	0.00817	0.00815	0.00817	0.00816	0.00815	0.00815	0.00816	0.00815	0.00817
130	131	0.00817	0.00817	0.00815	0.00817	0.00816	0.00815	0.00815	0.00816	0.00815	0.00817
131	132	0.00817	0.00817	0.00815	0.00817	0.00816	0.00815	0.00815	0.00816	0.00815	0.00817
132	133	0.00817	0.00817	0.00815	0.00817	0.00817	0.00816	0.00815	0.00816	0.00816	0.00818
133	134	0.00817	0.00817	0.00815	0.00817	0.00816	0.00815	0.00815	0.00816	0.00815	0.00817
134	135	0.00817	0.00817	0.00815	0.00817	0.00816	0.00815	0.00815	0.00816	0.00815	0.00817
135	136	0.00817	0.00817	0.00815	0.00817	0.00816	0.00815	0.00815	0.00816	0.00815	0.00817
136	137	0.00817	0.00817	0.00815	0.00817	0.00816	0.00815	0.00815	0.00816	0.00815	0.00817
137	138	0.00817	0.00817	0.00815	0.00817	0.00816	0.00815	0.00815	0.00816	0.00815	0.00817
138	139	0.00817	0.00817	0.00815	0.00817	0.00816	0.00815	0.00815	0.00816	0.00815	0.00817
139	140	0.00817	0.00817	0.00815	0.00817	0.00816	0.00815	0.00815	0.00816	0.00815	0.00817
140	141	0.00818	0.00818	0.00816	0.00818	0.00816	0.00818	0.00816	0.00819	0.00817	0.00818
141	142	0.00817	0.00817	0.00815	0.00817	0.00816	0.00815	0.00815	0.00816	0.00815	0.00817
142	143	0.00818	0.00818	0.00816	0.00817	0.00817	0.00816	0.00816	0.00818	0.00816	0.00819
143	144	0.00818	0.00819	0.00816	0.00818	0.00818	0.00817	0.00817	0.00818	0.00816	0.00820
144	145	0.00817	0.00817	0.00815	0.00817	0.00816	0.00815	0.00815	0.00816	0.00815	0.00817
145	146	0.00817	0.00817	0.00815	0.00817	0.00816	0.00815	0.00815	0.00816	0.00815	0.00817
146	147	0.00817	0.00817	0.00815	0.00817	0.00816	0.00815	0.00815	0.00816	0.00815	0.00817
147	148	0.00817	0.00817	0.00815	0.00817	0.00816	0.00815	0.00815	0.00816	0.00815	0.00817
148	149	0.00817	0.00817	0.00815	0.00817	0.00816	0.00815	0.00815	0.00816	0.00815	0.00817
149	150	0.00817	0.00817	0.00815	0.00817	0.00816	0.00815	0.00815	0.00816	0.00815	0.00817
150	151	0.00817	0.00817	0.00815	0.00817	0.00816	0.00815	0.00815	0.00816	0.00815	0.00817
151	152	0.00824	0.00820	0.00818	0.00829	0.00830	0.00821	0.00819	0.00822	0.00818	0.00820
152	153	0.00817	0.00817	0.00815	0.00817	0.00816	0.00815	0.00815	0.00816	0.00815	0.00817
153	154	0.00817	0.00817	0.00815	0.00817	0.00816	0.00815	0.00815	0.00816	0.00815	0.00817
154	155	0.00817	0.00817	0.00815	0.00817	0.00816	0.00815	0.00815	0.00816	0.00815	0.00817
155	156	0.00817	0.00818	0.00816	0.00817	0.00817	0.00816	0.00816	0.00817	0.00817	0.00818
156	157	0.00817	0.00817	0.00815	0.00817	0.00816	0.00815	0.00815	0.00816	0.00815	0.00817
157	158	0.00817	0.00817	0.00815	0.00817	0.00816	0.00815	0.00815	0.00816	0.00815	0.00817
158	159	0.00817	0.00817	0.00815	0.00817	0.00816	0.00815	0.00815	0.00816	0.00815	0.00817
159	160	0.00817	0.00817	0.00815	0.00817	0.00816	0.00815	0.00815	0.00816	0.00815	0.00817
160	161	0.00817	0.00817	0.00815	0.00817	0.00816	0.00815	0.00815	0.00816	0.00815	0.00817
161	162	0.00817	0.00817	0.00815	0.00817	0.00816	0.00815	0.00815	0.00816	0.00815	0.00817
162	163	0.00820	0.00821	0.00820	0.00821	0.00822	0.00818	0.00818	0.00817	0.00819	0.00822
163	164	0.00817	0.00817	0.00815	0.00817	0.00816	0.00815	0.00815	0.00816	0.00815	0.00817
164	165	0.00817	0.00817	0.00815	0.00817	0.00816	0.00815	0.00815	0.00816	0.00815	0.00817
165	166	0.00817	0.00817	0.00815	0.00817	0.00816	0.00815	0.00815	0.00816	0.00815	0.00817
166	167	0.00817	0.00817	0.00815	0.00817	0.00816	0.00815	0.00815	0.00816	0.00815	0.00817
167	168	0.00817	0.00817	0.00815	0.00817	0.00816	0.00815	0.00815	0.00816	0.00815	0.00817
168	169	0.00817	0.00817	0.00815	0.00817	0.00816	0.00815	0.00815	0.00816	0.00815	0.00817
169	170	0.00817	0.00817	0.00815	0.00817	0.00816	0.00815	0.00815	0.00816	0.00815	0.00817
170	171	0.00817	0.00817	0.00815	0.00817	0.00816	0.00815	0.00815	0.00816	0.00815	0.00817
171	172	0.00817	0.00817	0.00815	0.00817	0.00816	0.00815	0.00815	0.00816	0.00815	0.00817
172	173	0.00817	0.00817	0.00815	0.00817	0.00816	0.00815	0.00815	0.00816	0.00815	0.00817
173	174	0.00817	0.00817	0.00815	0.00817	0.00816	0.00815	0.00815	0.00816	0.00815	0.00817
174	175	0.00820	0.00821	0.00815	0.00818	0.00817	0.00817	0.00816	0.00818	0.00816	0.00818
175	176	0.00822	0.00824	0.00818	0.00825	0.00823	0.00820	0.00823	0.00820	0.00820	0.00823
176	177	0.00817	0.00817	0.00815	0.00817	0.00816	0.00815	0.00815	0.00816	0.00815	0.00817
177	178	0.00817	0.00817	0.00815	0.00817	0.00816	0.00815	0.00815	0.00816	0.00815	0.00817
178	179	0.00817	0.00817	0.00815	0.00817	0.00816	0.00815	0.00815	0.00816	0.00815	0.00817
179	180	0.00817	0.00817	0.00815	0.00817	0.00816	0.00815	0.00815	0.00816	0.00815	0.00817
180	181	0.00817	0.00817	0.00815	0.00817	0.00816	0.00815	0.00815	0.00816	0.00815	0.00817
181	182	0.00817	0.00817	0.00815	0.00817	0.00816	0.00815	0.00815	0.00816	0.00815	0.00817
182	183	0.00817	0.00817	0.00815	0.00817	0.00816	0.00815	0.00815	0.00816	0.00815	0.00817
183	184	0.00817	0.00817	0.00815	0.00817	0.00816	0.00815	0.00815	0.00816	0.00815	0.00817
184	185	0.00818	0.00818	0.00817	0.00817	0.00820	0.00819	0.00817	0.00817	0.00817	0.00821
185	186	0.00817	0.00817	0.00815	0.00817	0.00816	0.00815	0.00815	0.00816	0.00815	0.00817
186	187	0.00817	0.00817	0.00815	0.00817	0.00816	0.00815	0.00815	0.00816	0.00815	0.00817
187	188	0.00817	0.00818	0.00816	0.00817	0.00826	0.00818	0.00816	0.00817	0.00817	0.00818
188	189	0.00826	0.00822	0.00818	0.00819	0.00819	0.00818	0.00818	0.00818	0.00820	0.00820
189	190	0.00817	0.00817	0.00815	0.00817	0.00816	0.00815	0.00815	0.00816	0.00815	0.00817
190	191	0.00817	0.00817	0.00815	0.00817	0.00816	0.00815	0.00815	0.00816	0.00815	0.00817
191	192	0.00817	0.00817	0.00815	0.00817	0.00816	0.00815	0.00815	0.00816	0.00815	0.00817
192	193	0.00817	0.00817	0.00815	0.00817	0.00816	0.00815	0.00815	0.00816	0.00815	0.00817
193	194	0.00817	0.00817	0.00815	0.00817	0.00816	0.00815	0.00815	0.00816	0.00815	0.00817
194	195	0.00821	0.00818	0.00817	0.00820	0.00819	0.00819	0.00817	0.00819	0.00820	0.00819
195	196	0.00817	0.00817	0.00815	0.00817	0.00816	0.00815	0.00815	0.00816	0.00815	0.00817
196	197	0.00817	0.00817	0.00815	0.00817	0.00816	0.00815	0.00815	0.00816	0.00815	0.00817
197	198	0.00818	0.00818	0.00816	0.00818	0.00818	0.00816	0.00816	0.00817	0.00821	0.00818
198	199	0.00818	0.00817	0.00816	0.00818	0.00817	0.00817	0.00815	0.00816	0.00816	0.00818
199	200	0.00817	0.00817	0.00815	0.00817	0.00816	0.00815	0.00815	0.00816	0.00815	0.00817
200	201	0.00817	0.00817	0.00815	0.00817	0.00816	0.00815	0.00815	0.00816	0.00815	0.00817
201	202	0.00817	0.00817	0.00815	0.00817	0.00816	0.00815	0.00815	0.00816	0.00815	0.00817
202	203	0.00817	0.00817	0.00815	0.00817	0.00816	0.00815	0.00815	0.00816	0.00815	0.00817
203	204	0.00817	0.00817	0.00815	0.00817	0.00816	0.00815	0.00815	0.00816	0.00815	0.00817
204	205	0.00817	0.00817	0.00815	0.00817	0.00816	0.00815	0.00815	0.00816	0.00815	0.00817
205	206	0.00817	0.00817	0.00815	0.00817	0.00816	0.00815	0.00815	0.00816	0.00815	0.00817
206	207	0.00817	0.00817	0.00815	0.00817	0.00816	0.00815	0.00815	0.00816	0.00815	0.00817
207	208	0.00817	0.00817	0.00815	0.00817	0.00816	0.00815	0.00815	0.00816	0.00815	0.00817
208	209	0.00817	0.00817	0.00815	0.00817	0.00816	0.00815	0.00815	0.00816	0.00815	0.00817
209	210	0.00817	0.00817	0.00815	0.00817	0.00816	0.00815	0.00815	0.00816	0.00815	0.00817
210	211	0.00817	0.00817	0.00815	0.00817	0.00816	0.00815	0.00815	0.00816	0.00815	0.00817
211	212	0.00817	0.00817	0.00815	0.00817	0.00816	0.00815	0.00815	0.00816	0.00815	0.00817
212	213	0.00817	0.00817	0.00815	0.00817	0.00816	0.00815	0.00815	0.00816	0.00815	0.00817
213	214	0.00817	0.00817	0.00815	0.00817	0.00816	0.00815	0.00815	0.00816	0.00815	0.00817
214	215	0.00817	0.00817	0.00815	0.00817	0.00816	0.00815	0.00815	0.00816	0.00815	0.00817
215	216	0.00817	0.00817	0.00815	0.00817	0.00816	0.00815	0.00815	0.00816	0.00815	0.00817
216	217	0.00818	0.00818	0.00816	0.00817	0.00818	0.00816	0.00815	0.00816	0.00816	0.00820
217	218	0.00819	0.00818	0.00816	0.00819	0.00818	0.00817	0.00817	0.00818	0.00817	0.00818
218	219	0.00817	0.00817	0.00815	0.00817	0.00816	0.00815	0.00815	0.00816	0.00815	0.00817
219	220	0.00817	0.00817	0.00815	0.00817	0.00816	0.00815	0.00815	0.00816	0.00815	0.00817
220	221	0.00817	0.00817	0.00815	0.00817	0.00816	0.00815	0.00815	0.00816	0.00815	0.00817
221	222	0.00817	0.00818	0.00815	0.00818	0.00817	0.00817	0.00815	0.00817	0.00816	0.00818
222	223	0.00819	0.00821	0.00823	0.00827	0.00821	0.00819	0.00819	0.00820	0.00818	0.00823
223	224	0.00818	0.00818	0.00816	0.00817	0.00817	0.00816	0.00817	0.00816	0.00816	0.00818
224	225	0.00817	0.00817	0.00815	0.00817	0.00816	0.00815	0.00815	0.00816	0.00815	0.00817
225	226	0.00817	0.00817	0.00815	0.00817	0.00816	0.00815	0.00815	0.00816	0.00815	0.00817
226	227	0.00817	0.00817	0.00815	0.00817	0.00816	0.00815	0.00815	0.00816	0.00815	0.00817
227	228	0.00817	0.00817	0.00815	0.00817	0.00816	0.00815	0.00815	0.00816	0.00815	0.00817
228	229	0.00817	0.00817	0.00815	0.00817	0.00816	0.00815	0.00815	0.00816	0.00815	0.00817
229	230	0.00817	0.00817	0.00815	0.00817	0.00816	0.00815	0.00815	0.00816	0.00815	0.00817
230	231	0.00819	0.00821	0.00819	0.00828	0.00819	0.00816	0.00818	0.00819	0.00817	0.00821
231	232	0.00817	0.00817	0.00815	0.00817	0.00816	0.00815	0.00815	0.00816	0.00815	0.00817
232	233	0.00817	0.00817	0.00815	0.00817	0.00816	0.00815	0.00815	0.00816	0.00815	0.00817
233	234	0.00817	0.00817	0.00815	0.00817	0.00816	0.00815	0.00815	0.00816	0.00815	0.00817
234	235	0.00817	0.00817	0.00815	0.00817	0.00816	0.00815	0.00815	0.00816	0.00815	0.00817
235	236	0.00817	0.00817	0.00815	0.00817	0.00816	0.00815	0.00815	0.00816	0.00815	0.00817
236	237	0.00819	0.00818	0.00816	0.00819	0.00817	0.00817	0.00816	0.00817	0.00817	0.00817
237	238	0.00817	0.00817	0.00815	0.00817	0.00816	0.00815	0.00815	0.00816	0.00815	0.00817
238	239	0.00819	0.00817	0.00816	0.00817	0.00817	0.00816	0.00816	0.00819	0.00816	0.00818
239	240	0.00817	0.00817	0.00815	0.00817	0.00816	0.00815	0.00815	0.00816	0.00815	0.00817
240	241	0.00817	0.00817	0.00815	0.00817	0.00816	0.00815	0.00815	0.00816	0.00815	0.00817
241	242	0.00817	0.00818	0.00815	0.00818	0.00816	0.00816	0.00816	0.00817	0.00818	0.00818
242	243	0.00821	0.00821	0.00818	0.00824	0.00819	0.00817	0.00819	0.00818	0.00820	0.00820
243	244	0.00817	0.00817	0.00815	0.00817	0.00816	0.00815	0.00815	0.00816	0.00815	0.00817
244	245	0.00817	0.00817	0.00815	0.00817	0.00816	0.00815	0.00815	0.00816	0.00815	0.00817
245	246	0.00817	0.00817	0.00815	0.00817	0.00816	0.00815	0.00815	0.00816	0.00815	0.00817
246	247	0.00818	0.00818	0.00816	0.00817	0.00817	0.00816	0.00817	0.00816	0.00816	0.00818
247	248	0.00825	0.00825	0.00818	0.00821	0.00822	0.00819	0.00819	0.00823	0.00820	0.00822
248	249	0.00817	0.00817	0.00815	0.00817	0.00816	0.00815	0.00815	0.00816	0.00815	0.00817
249	250	0.00817	0.00817	0.00815	0.00817	0.00816	0.00815	0.00815	0.00816	0.00815	0.00817
250	251	0.00830	0.00825	0.00822	0.00830	0.00823	0.00828	0.00823	0.00831	0.00824	0.00831
251	252	0.00817	0.00817	0.00815	0.00817	0.00816	0.00815	0.00815	0.00816	0.00815	0.00817
252	253	0.00817	0.00817	0.00815	0.00817	0.00816	0.00815	0.00815	0.00816	0.00815	0.00817
253	254	0.00817	0.00818	0.00816	0.00818	0.00816	0.00817	0.00816	0.00817	0.00817	0.00818
254	255	0.00817	0.00817	0.00815	0.00817	0.00816	0.00815	0.00815	0.00816	0.00815	0.00817
255	256	0.00817	0.00817	0.00815	0.00817	0.00816	0.00815	0.00815	0.00816	0.00815	0.00817
256	257	0.00817	0.00817	0.00815	0.00817	0.00816	0.00815	0.00815	0.00816	0.00815	0.00817
257	258	0.00817	0.00817	0.00815	0.00817	0.00816	0.00815	0.00815	0.00816	0.00815	0.00817
258	259	0.00817	0.00817	0.00815	0.00817	0.00816	0.00815	0.00815	0.00816	0.00815	0.00817
259	260	0.00819	0.00818	0.00816	0.00819	0.00817	0.00817	0.00816	0.00817	0.00817	0.00817
260	261	0.00817	0.00817	0.00815	0.00817	0.00816	0.00815	0.00815	0.00816	0.00815	0.00817
261	262	0.00817	0.00817	0.00815	0.00817	0.00816	0.00815	0.00815	0.00816	0.00815	0.00817
262	263	0.00818	0.00820	0.00817	0.00819	0.00817	0.00818	0.00816	0.00817	0.00817	0.00819
263	264	0.00817	0.00817	0.00815	0.00817	0.00816	0.00815	0.00815	0.00816	0.00815	0.00817
264	265	0.00819	0.00818	0.00816	0.00818	0.00818	0.00816	0.00817	0.00816	0.00816	0.00818
265	266	0.00819	0.00818	0.00816	0.00819	0.00817	0.00817	0.00816	0.00817	0.00817	0.00817
266	267	0.00817	0.00817	0.00815	0.00817	0.00816	0.00815	0.00815	0.00816	0.00815	0.00817
267	268	0.00817	0.00817	0.00815	0.00817	0.00816	0.00815	0.00815	0.00816	0.00815	0.00817
268	269	0.00817	0.00817	0.00815	0.00817	0.00816	0.00815	0.00815	0.00816	0.00815	0.00817
269	270	0.00817	0.00817	0.00815	0.00817	0.00816	0.00815	0.00815	0.00816	0.00815	0.00817
270	271	0.00819	0.00818	0.00816	0.00819	0.00817	0.00817	0.00816	0.00817	0.00817	0.00817
271	272	0.00817	0.00817	0.00815	0.00817	0.00816	0.00815	0.00815	0.00816	0.00815	0.00817
272	273	0.00817	0.00817	0.00815	0.00817	0.00816	0.00815	0.00815	0.00816	0.00815	0.00817
273	274	0.00817	0.00817	0.00815	0.00817	0.00816	0.00815	0.00815	0.00816	0.00815	0.00817
274	275	0.00819	0.00818	0.00816	0.00817	0.00823	0.00816	0.00819	0.00817	0.00817	0.00819
275	276	0.00817	0.00817	0.00815	0.00817	0.00816	0.00815	0.00815	0.00816	0.00815	0.00817
276	277	0.00817	0.00817	0.00815	0.00817	0.00816	0.00815	0.00815	0.00816	0.00815	0.00817
277	278	0.00817	0.00817	0.00815	0.00817	0.00816	0.00815	0.00815	0.00816	0.00815	0.00817
278	279	0.00817	0.00817	0.00815	0.00817	0.00816	0.00815	0.00815	0.00816	0.00815	0.00817
279	280	0.00817	0.00817	0.00815	0.00817	0.00816	0.00815	0.00815	0.00816	0.00815	0.00817
280	281	0.00817	0.00817	0.00815	0.00817	0.00816	0.00815	0.00815	0.00816	0.00815	0.00817
281	282	0.00818	0.00818	0.00816	0.00818	0.00819	0.00816	0.00816	0.00817	0.00816	0.00818
282	283	0.00821	0.00819	0.00816	0.00819	0.00816	0.00817	0.00816	0.00816	0.00818	0.00818
283	284	0.00817	0.00817	0.00815	0.00817	0.00816	0.00815	0.00815	0.00816	0.00815	0.00817
284	285	0.00817	0.00817	0.00815	0.00817	0.00816	0.00815	0.00815	0.00816	0.00815	0.00817
285	286	0.00817	0.00817	0.00815	0.00817	0.00816	0.00815	0.00815	0.00816	0.00815	0.00817
286	287	0.00817	0.00817	0.00815	0.00817	0.00816	0.00815	0.00815	0.00816	0.00815	0.00817
287	288	0.00817	0.00817	0.00815	0.00817	0.00816	0.00815	0.00815	0.00816	0.00815	0.00817
288	289	0.00817	0.00817	0.00815	0.00817	0.00816	0.00815	0.00815	0.00816	0.00815	0.00817
289	290	0.00817	0.00817	0.00815	0.00817	0.00816	0.00815	0.00815	0.00816	0.00815	0.00817
290	291	0.00832	0.00830	0.00819	0.00825	0.00822	0.00821	0.00822	0.00825	0.00818	0.00823
291	292	0.00817	0.00817	0.00815	0.00817	0.00816	0.00815	0.00815	0.00816	0.00815	0.00817
292	293	0.00817	0.00817	0.00815	0.00817	0.00816	0.00815	0.00815	0.00816	0.00815	0.00817
293	294	0.00817	0.00817	0.00815	0.00817	0.00816	0.00815	0.00815	0.00816	0.00815	0.00817
294	295	0.00817	0.00817	0.00815	0.00817	0.00816	0.00815	0.00815	0.00816	0.00815	0.00817
295	296	0.00817	0.00817	0.00815	0.00817	0.00816	0.00815	0.00815	0.00816	0.00815	0.00817
296	297	0.00817	0.00817	0.00815	0.00817	0.00816	0.00815	0.00815	0.00816	0.00815	0.00817
297	298	0.00817	0.00817	0.00815	0.00817	0.00816	0.00815	0.00815	0.00816	0.00815	0.00817
298	299	0.00817	0.00817	0.00815	0.00817	0.00816	0.00815	0.00815	0.00816	0.00815	0.00817
299	300	0.00817	0.00817	0.00815	0.00817	0.00816	0.00815	0.00815	0.00816	0.00815	0.00817
300	301	0.00817	0.00817	0.00815	0.00817	0.00816	0.00815	0.00815	0.00816	0.00815	0.00817
301	302	0.00817	0.00817	0.00815	0.00817	0.00816	0.00815	0.00815	0.00816	0.00815	0.00817
302	303	0.00817	0.00817	0.00815	0.00817	0.00816	0.00815	0.00815	0.00816	0.00815	0.00817
303	304	0.00817	0.00817	0.00816	0.00818	0.00817	0.00816	0.00817	0.00816	0.00816	0.00819
304	305	0.00826	0.00828	0.00824	0.00821	0.00826	0.00821	0.00822	0.00820	0.00824	0.00828
305	306	0.00817	0.00817	0.00815	0.00817	0.00816	0.00815	0.00815	0.00816	0.00815	0.00817
306	307	0.00817	0.00817	0.00815	0.00817	0.00816	0.00815	0.00815	0.00816	0.00815	0.00817
307	308	0.00818	0.00818	0.00816	0.00819	0.00817	0.00816	0.00818	0.00818	0.00817	0.00820
308	309	0.00817	0.00817	0.00815	0.00817	0.00816	0.00815	0.00815	0.00816	0.00815	0.00817
309	310	0.00817	0.00817	0.00815	0.00817	0.00816	0.00815	0.00815	0.00816	0.00815	0.00817
310	311	0.00817	0.00817	0.00815	0.00817	0.00816	0.00815	0.00815	0.00816	0.00815	0.00817
311	312	0.00819	0.00818	0.00816	0.00819	0.00817	0.00817	0.00816	0.00817	0.00817	0.00817
312	313	0.00817	0.00817	0.00815	0.00817	0.00816	0.00815	0.00815	0.00816	0.00815	0.00817
313	314	0.00817	0.00817	0.00815	0.00817	0.00816	0.00815	0.00815	0.00816	0.00815	0.00817
314	315	0.00817	0.00817	0.00815	0.00817	0.00816	0.00815	0.00815	0.00816	0.00815	0.00817
315	316	0.00817	0.00817	0.00815	0.00817	0.00816	0.00815	0.00815	0.00816	0.00815	0.00817
316	317	0.00817	0.00817	0.00815	0.00817	0.00816	0.00815	0.00815	0.00816	0.00815	0.00817
317	318	0.00817	0.00817	0.00815	0.00817	0.00816	0.00815	0.00815	0.00816	0.00815	0.00817
318	319	0.00817	0.00817	0.00815	0.00817	0.00816	0.00815	0.00815	0.00816	0.00815	0.00817
319	320	0.00817	0.00817	0.00815	0.00817	0.00816	0.00815	0.00815	0.00816	0.00815	0.00817
320	321	0.00817	0.00817	0.00815	0.00817	0.00816	0.00815	0.00815	0.00816	0.00815	0.00817
321	322	0.00817	0.00817	0.00815	0.00817	0.00816	0.00815	0.00815	0.00816	0.00815	0.00817
322	323	0.00818	0.00818	0.00816	0.00817	0.00817	0.00816	0.00818	0.00819	0.00816	0.00818
323	324	0.00817	0.00817	0.00815	0.00817	0.00816	0.00815	0.00815	0.00816	0.00815	0.00817
324	325	0.00819	0.00818	0.00816	0.00819	0.00817	0.00817	0.00816	0.00817	0.00817	0.00817
325	326	0.00817	0.00817	0.00815	0.00817	0.00816	0.00815	0.00815	0.00816	0.00815	0.00817
326	327	0.00817	0.00817	0.00815	0.00817	0.00816	0.00815	0.00815	0.00816	0.00815	0.00817
327	328	0.00817	0.00817	0.00815	0.00817	0.00816	0.00815	0.00815	0.00816	0.00815	0.00817
328	329	0.00817	0.00817	0.00815	0.00817	0.00816	0.00815	0.00815	0.00816	0.00815	0.00817
329	330	0.00817	0.00817	0.00815	0.00817	0.00816	0.00815	0.00815	0.00816	0.00815	0.00817
330	331	0.00821	0.00820	0.00819	0.00820	0.00818	0.00818	0.00818	0.00817	0.00819	0.00821
331	332	0.00817	0.00817	0.00815	0.00817	0.00816	0.00815	0.00815	0.00816	0.00815	0.00817
332	333	0.00817	0.00817	0.00815	0.00817	0.00816	0.00815	0.00815	0.00816	0.00815	0.00817
333	334	0.00817	0.00817	0.00815	0.00817	0.00816	0.00815	0.00815	0.00816	0.00815	0.00817
334	335	0.00817	0.00817	0.00815	0.00817	0.00816	0.00815	0.00815	0.00816	0.00815	0.00817
335	336	0.00817	0.00817	0.00815	0.00817	0.00816	0.00815	0.00815	0.00816	0.00815	0.00817
336	337	0.00817	0.00817	0.00815	0.00817	0.00816	0.00815	0.00815	0.00816	0.00815	0.00817
337	338	0.00817	0.00817	0.00815	0.00817	0.00816	0.00815	0.00815	0.00816	0.00815	0.00817
338	339	0.00817	0.00817	0.00815	0.00817	0.00816	0.00815	0.00815	0.00816	0.00815	0.00817
339	340	0.00817	0.00817	0.00815	0.00817	0.00816	0.00815	0.00815	0.00816	0.00815	0.00817
340	341	0.00817	0.00817	0.00815	0.00817	0.00816	0.00815	0.00815	0.00816	0.00815	0.00817
341	342	0.00817	0.00817	0.00815	0.00817	0.00816	0.00815	0.00815	0.00816	0.00815	0.00817
342	343	0.00824	0.00823	0.00820	0.00824	0.00820	0.00819	0.00820	0.00825	0.00821	0.00822
343	344	0.00819	0.00818	0.00816	0.00819	0.00817	0.00817	0.00816	0.00817	0.00817	0.00817
344	345	0.00817	0.00817	0.00815	0.00817	0.00816	0.00815	0.00815	0.00816	0.00815	0.00817
345	346	0.00820	0.00819	0.00818	0.00819	0.00819	0.00819	0.00817	0.00818	0.00818	0.00823
346	347	0.00817	0.00819	0.00817	0.00818	0.00816	0.00818	0.00817	0.00817	0.00817	0.00820
347	348	0.00818	0.00818	0.00817	0.00825	0.00818	0.00816	0.00816	0.00818	0.00816	0.00819
348	349	0.00817	0.00817	0.00815	0.00817	0.00816	0.00815	0.00815	0.00816	0.00815	0.00817
349	350	0.00817	0.00817	0.00815	0.00817	0.00816	0.00815	0.00815	0.00816	0.00815	0.00817
350	351	0.00817	0.00817	0.00815	0.00817	0.00816	0.00815	0.00815	0.00816	0.00815	0.00817
351	352	0.00817	0.00817	0.00816	0.00817	0.00819	0.00816	0.00815	0.00817	0.00816	0.00818
352	353	0.00817	0.00817	0.00815	0.00817	0.00816	0.00815	0.00815	0.00816	0.00815	0.00817
353	354	0.00817	0.00817	0.00815	0.00817	0.00816	0.00815	0.00815	0.00816	0.00815	0.00817
354	355	0.00817	0.00817	0.00815	0.00817	0.00816	0.00815	0.00815	0.00816	0.00815	0.00817
355	356	0.00817	0.00817	0.00815	0.00817	0.00816	0.00815	0.00815	0.00816	0.00815	0.00817
356	357	0.00818	0.00826	0.00817	0.00818	0.00817	0.00816	0.00816	0.00816	0.00817	0.00819
357	358	0.00817	0.00817	0.00815	0.00817	0.00816	0.00815	0.00815	0.00816	0.00815	0.00817
358	359	0.00817	0.00817	0.00815	0.00817	0.00816	0.00815	0.00815	0.00816	0.00815	0.00817
359	360	0.00817	0.00817	0.00815	0.00817	0.00816	0.00815	0.00815	0.00816	0.00815	0.00817
360	361	0.00817	0.00817	0.00815	0.00817	0.00816	0.00815	0.00815	0.00816	0.00815	0.00817
361	362	0.00817	0.00817	0.00815	0.00817	0.00816	0.00815	0.00815	0.00816	0.00815	0.00817
362	363	0.00826	0.00820	0.00821	0.00823	0.00821	0.00820	0.00821	0.00825	0.00821	0.00824
363	364	0.00817	0.00817	0.00815	0.00817	0.00816	0.00815	0.00815	0.00816	0.00815	0.00817
364	365	0.00817	0.00817	0.00815	0.00817	0.00816	0.00815	0.00815	0.00816	0.00815	0.00817
365	366	0.00817	0.00817	0.00815	0.00817	0.00816	0.00815	0.00815	0.00816	0.00815	0.00817
366	367	0.00817	0.00817	0.00815	0.00817	0.00816	0.00815	0.00815	0.00816	0.00815	0.00817
367	368	0.00817	0.00817	0.00815	0.00817	0.00816	0.00815	0.00815	0.00816	0.00815	0.00817
368	369	0.00817	0.00817	0.00815	0.00817	0.00816	0.00815	0.00815	0.00816	0.00815	0.00817
369	370	0.00817	0.00817	0.00815	0.00817	0.00816	0.00815	0.00815	0.00816	0.00815	0.00817
370	371	0.00817	0.00817	0.00815	0.00817	0.00816	0.00815	0.00815	0.00816	0.00815	0.00817
371	372	0.00824	0.00820	0.00822	0.00823	0.00820	0.00819	0.00817	0.00821	0.00819	0.00821
372	373	0.00823	0.00822	0.00816	0.00818	0.00818	0.00818	0.00818	0.00822	0.00817	0.00819
373	374	0.00817	0.00817	0.00815	0.00817	0.00816	0.00815	0.00815	0.00816	0.00815	0.00817
374	375	0.00817	0.00817	0.00815	0.00817	0.00816	0.00815	0.00815	0.00816	0.00815	0.00817
375	376	0.00817	0.00817	0.00815	0.00817	0.00816	0.00815	0.00815	0.00816	0.00815	0.00817
376	377	0.00817	0.00817	0.00815	0.00817	0.00816	0.00815	0.00815	0.00816	0.00815	0.00817
377	378	0.00819	0.00818	0.00819	0.00819	0.00817	0.00818	0.00817	0.00820	0.00818	0.00818
378	379	0.00820	0.00819	0.00819	0.00819	0.00820	0.00818	0.00817	0.00817	0.00817	0.00821
379	380	0.00817	0.00817	0.00815	0.00817	0.00816	0.00815	0.00815	0.00816	0.00815	0.00817
380	381	0.00817	0.00817	0.00815	0.00817	0.00816	0.00815	0.00815	0.00816	0.00815	0.00817
381	382	0.00817	0.00817	0.00815	0.00817	0.00816	0.00815	0.00815	0.00816	0.00815	0.00817
382	383	0.00817	0.00817	0.00815	0.00817	0.00816	0.00815	0.00815	0.00816	0.00815	0.00817
383	384	0.00817	0.00817	0.00815	0.00817	0.00816	0.00815	0.00815	0.00816	0.00815	0.00817
384	385	0.00817	0.00817	0.00815	0.00817	0.00816	0.00815	0.00815	0.00816	0.00815	0.00817
385	386	0.00819	0.00818	0.00816	0.00819	0.00817	0.00817	0.00816	0.00817	0.00817	0.00817
386	387	0.00817	0.00817	0.00815	0.00817	0.00816	0.00815	0.00815	0.00816	0.00815	0.00817
387	388	0.00817	0.00817	0.00815	0.00817	0.00816	0.00815	0.00815	0.00816	0.00815	0.00817
388	389	0.00817	0.00817	0.00815	0.00817	0.00816	0.00815	0.00815	0.00816	0.00815	0.00817
389	390	0.00817	0.00817	0.00815	0.00817	0.00816	0.00815	0.00815	0.00816	0.00815	0.00817
390	391	0.00817	0.00817	0.00815	0.00817	0.00816	0.00815	0.00815	0.00816	0.00815	0.00817
391	392	0.00817	0.00817	0.00815	0.00817	0.00816	0.00815	0.00815	0.00816	0.00815	0.00817
392	393	0.00817	0.00817	0.00815	0.00817	0.00816	0.00815	0.00815	0.00816	0.00815	0.00817
393	394	0.00817	0.00817	0.00815	0.00817	0.00816	0.00815	0.00815	0.00816	0.00815	0.00817
394	395	0.00817	0.00817	0.00815	0.00817	0.00816	0.00815	0.00815	0.00816	0.00815	0.00817
395	396	0.00817	0.00817	0.00815	0.00817	0.00816	0.00815	0.00815	0.00816	0.00815	0.00817
396	397	0.00817	0.00817	0.00815	0.00817	0.00816	0.00815	0.00815	0.00816	0.00815	0.00817
397	398	0.00817	0.00817	0.00815	0.00817	0.00816	0.00815	0.00815	0.00816	0.00815	0.00817
398	399	0.00817	0.00817	0.00815	0.00817	0.00816	0.00815	0.00815	0.00816	0.00815	0.00817
399	400	0.00817	0.00817	0.00815	0.00817	0.00816	0.00815	0.00815	0.00816	0.00815	0.00817
400	401	0.00817	0.00817	0.00815	0.00817	0.00816	0.00815	0.00815	0.00816	0.00815	0.00817
401	402	0.00817	0.00817	0.00815	0.00817	0.00816	0.00815	0.00815	0.00816	0.00815	0.00817
402	403	0.00817	0.00817	0.00815	0.00817	0.00816	0.00815	0.00815	0.00816	0.00815	0.00817
403	404	0.00817	0.00817	0.00815	0.00817	0.00816	0.00815	0.00815	0.00816	0.00815	0.00817
404	405	0.00818	0.00818	0.00816	0.00817	0.00817	0.00816	0.00815	0.00816	0.00816	0.00818
405	406	0.00817	0.00817	0.00815	0.00817	0.00816	0.00815	0.00815	0.00816	0.00815	0.00817
406	407	0.00822	0.00818	0.00818	0.00820	0.00821	0.00821	0.00818	0.00827	0.00820	0.00819
407	408	0.00817	0.00817	0.00815	0.00817	0.00816	0.00815	0.00815	0.00816	0.00815	0.00817
408	409	0.00817	0.00817	0.00815	0.00817	0.00816	0.00815	0.00815	0.00816	0.00815	0.00817
409	410	0.00817	0.00817	0.00815	0.00817	0.00816	0.00815	0.00815	0.00816	0.00815	0.00817
410	411	0.00817	0.00817	0.00815	0.00817	0.00816	0.00815	0.00815	0.00816	0.00815	0.00817
411	412	0.00817	0.00817	0.00815	0.00817	0.00816	0.00815	0.00815	0.00816	0.00815	0.00817
412	413	0.00817	0.00817	0.00815	0.00817	0.00816	0.00815	0.00815	0.00816	0.00815	0.00817
413	414	0.00817	0.00817	0.00815	0.00817	0.00816	0.00815	0.00815	0.00816	0.00815	0.00817
414	415	0.00817	0.00817	0.00815	0.00817	0.00816	0.00815	0.00815	0.00816	0.00815	0.00817
415	416	0.00817	0.00817	0.00815	0.00817	0.00816	0.00815	0.00815	0.00816	0.00815	0.00817
416	417	0.00817	0.00817	0.00815	0.00817	0.00816	0.00815	0.00815	0.00816	0.00815	0.00817
417	418	0.00817	0.00817	0.00815	0.00817	0.00816	0.00815	0.00815	0.00816	0.00815	0.00817
418	419	0.00817	0.00817	0.00815	0.00817	0.00816	0.00815	0.00815	0.00816	0.00815	0.00817
419	420	0.00817	0.00817	0.00815	0.00817	0.00816	0.00815	0.00815	0.00816	0.00815	0.00817
420	421	0.00817	0.00817	0.00815	0.00817	0.00816	0.00815	0.00815	0.00816	0.00815	0.00817
421	422	0.00817	0.00817	0.00815	0.00817	0.00816	0.00815	0.00815	0.00816	0.00815	0.00817
422	423	0.00817	0.00817	0.00815	0.00817	0.00816	0.00815	0.00815	0.00816	0.00815	0.00817
423	424	0.00817	0.00817	0.00815	0.00817	0.00816	0.00815	0.00815	0.00816	0.00815	0.00817
424	425	0.00817	0.00817	0.00815	0.00817	0.00816	0.00815	0.00815	0.00816	0.00815	0.00817
425	426	0.00817	0.00817	0.00815	0.00817	0.00816	0.00815	0.00815	0.00816	0.00815	0.00817
426	427	0.00817	0.00817	0.00815	0.00817	0.00816	0.00815	0.00815	0.00816	0.00815	0.00817
427	428	0.00817	0.00817	0.00815	0.00817	0.00816	0.00815	0.00815	0.00816	0.00815	0.00817
428	429	0.00817	0.00817	0.00815	0.00817	0.00816	0.00815	0.00815	0.00816	0.00815	0.00817
429	430	0.00817	0.00817	0.00815	0.00817	0.00816	0.00815	0.00815	0.00816	0.00815	0.00817
430	431	0.00817	0.00817	0.00815	0.00817	0.00816	0.00815	0.00815	0.00816	0.00815	0.00817
431	432	0.00817	0.00817	0.00815	0.00817	0.00816	0.00815	0.00815	0.00816	0.00815	0.00817
432	433	0.00817	0.00817	0.00815	0.00817	0.00816	0.00815	0.00815	0.00816	0.00815	0.00817
433	434	0.00817	0.00817	0.00815	0.00817	0.00816	0.00815	0.00815	0.00816	0.00815	0.00817
434	435	0.00817	0.00817	0.00815	0.00817	0.00816	0.00815	0.00815	0.00816	0.00815	0.00817
435	436	0.00817	0.00817	0.00815	0.00817	0.00816	0.00815	0.00815	0.00816	0.00815	0.00817
436	437	0.00821	0.00822	0.00822	0.00822	0.00827	0.00821	0.00822	0.00820	0.00819	0.00827
437	438	0.00817	0.00817	0.00815	0.00817	0.00816	0.00815	0.00815	0.00816	0.00815	0.00817
438	439	0.00817	0.00817	0.00815	0.00817	0.00816	0.00815	0.00815	0.00816	0.00815	0.00817
439	440	0.00818	0.00818	0.00816	0.00817	0.00821	0.00816	0.00816	0.00817	0.00817	0.00819
440	441	0.00817	0.00817	0.00815	0.00817	0.00816	0.00815	0.00815	0.00816	0.00815	0.00817
441	442	0.00817	0.00817	0.00815	0.00817	0.00816	0.00815	0.00815	0.00816	0.00815	0.00817
442	443	0.00817	0.00817	0.00815	0.00817	0.00816	0.00815	0.00815	0.00816	0.00815	0.00817
443	444	0.00817	0.00838	0.00818	0.00819	0.00817	0.00818	0.00816	0.00816	0.00817	0.00819
444	445	0.00817	0.00817	0.00815	0.00817	0.00816	0.00815	0.00815	0.00816	0.00815	0.00817
445	446	0.00817	0.00817	0.00815	0.00817	0.00816	0.00815	0.00815	0.00816	0.00815	0.00817
446	447	0.00817	0.00817	0.00815	0.00817	0.00816	0.00815	0.00815	0.00816	0.00815	0.00817
447	448	0.00817	0.00817	0.00815	0.00817	0.00816	0.00815	0.00815	0.00816	0.00815	0.00817
448	449	0.00819	0.00818	0.00816	0.00819	0.00817	0.00817	0.00816	0.00817	0.00817	0.00817
449	450	0.00817	0.00817	0.00815	0.00817	0.00816	0.00815	0.00815	0.00816	0.00815	0.00817
450	451	0.00817	0.00817	0.00815	0.00817	0.00816	0.00815	0.00815	0.00816	0.00815	0.00817
451	452	0.00818	0.00818	0.00816	0.00818	0.00816	0.00816	0.00818	0.00816	0.00816	0.00819
452	453	0.00817	0.00817	0.00815	0.00817	0.00816	0.00815	0.00815	0.00816	0.00815	0.00817
453	454	0.00817	0.00817	0.00815	0.00817	0.00816	0.00815	0.00815	0.00816	0.00815	0.00817
454	455	0.00817	0.00817	0.00815	0.00817	0.00816	0.00815	0.00815	0.00816	0.00815	0.00817
455	456	0.00817	0.00817	0.00815	0.00817	0.00816	0.00815	0.00815	0.00816	0.00815	0.00817
456	457	0.00817	0.00817	0.00815	0.00817	0.00816	0.00815	0.00815	0.00816	0.00815	0.00817
457	458	0.00817	0.00817	0.00815	0.00817	0.00816	0.00815	0.00815	0.00816	0.00815	0.00817
458	459	0.00817	0.00817	0.00815	0.00817	0.00816	0.00815	0.00815	0.00816	0.00815	0.00817
459	460	0.00818	0.00819	0.00816	0.00818	0.00817	0.00816	0.00816	0.00816	0.00816	0.00826
460	461	0.00817	0.00817	0.00815	0.00817	0.00816	0.00815	0.00815	0.00816	0.00815	0.00817
461	462	0.00817	0.00817	0.00815	0.00817	0.00816	0.00815	0.00815	0.00816	0.00815	0.00817
462	463	0.00818	0.00818	0.00815	0.00818	0.00817	0.00816	0.00816	0.00817	0.00817	0.00818
463	464	0.00817	0.00817	0.00815	0.00817	0.00816	0.00815	0.00815	0.00816	0.00815	0.00817
464	465	0.00817	0.00817	0.00815	0.00817	0.00816	0.00815	0.00815	0.00816	0.00815	0.00817
465	466	0.00817	0.00817	0.00815	0.00817	0.00816	0.00815	0.00815	0.00816	0.00815	0.00817
466	467	0.00817	0.00817	0.00815	0.00817	0.00816	0.00815	0.00815	0.00816	0.00815	0.00817
467	468	0.00817	0.00817	0.00815	0.00817	0.00816	0.00815	0.00815	0.00816	0.00815	0.00817
468	469	0.00817	0.00817	0.00815	0.00817	0.00816	0.00815	0.00815	0.00816	0.00815	0.00817
469	470	0.00817	0.00817	0.00815	0.00817	0.00816	0.00815	0.00815	0.00816	0.00815	0.00817
470	471	0.00817	0.00817	0.00815	0.00817	0.00816	0.00815	0.00815	0.00816	0.00815	0.00817
471	472	0.00817	0.00817	0.00815	0.00817	0.00816	0.00815	0.00815	0.00816	0.00815	0.00817
472	473	0.00817	0.00817	0.00815	0.00817	0.00816	0.00815	0.00815	0.00816	0.00815	0.00817
473	474	0.00823	0.00823	0.00823	0.00823	0.00825	0.00822	0.00821	0.00821	0.00822	0.00820
474	475	0.00817	0.00817	0.00815	0.00817	0.00816	0.00815	0.00815	0.00816	0.00815	0.00817
475	476	0.00819	0.00818	0.00816	0.00819	0.00817	0.00817	0.00816	0.00817	0.00817	0.00817
476	477	0.00817	0.00817	0.00815	0.00817	0.00816	0.00815	0.00815	0.00816	0.00815	0.00817
477	478	0.00817	0.00817	0.00815	0.00817	0.00816	0.00815	0.00815	0.00816	0.00815	0.00817
478	479	0.00817	0.00817	0.00815	0.00817	0.00816	0.00815	0.00815	0.00816	0.00815	0.00817
479	480	0.00817	0.00817	0.00815	0.00817	0.00816	0.00815	0.00815	0.00816	0.00815	0.00817
480	481	0.00817	0.00817	0.00815	0.00817	0.00816	0.00815	0.00815	0.00816	0.00815	0.00817
481	482	0.00817	0.00817	0.00815	0.00817	0.00816	0.00815	0.00815	0.00816	0.00815	0.00817
482	483	0.00817	0.00817	0.00815	0.00817	0.00816	0.00815	0.00815	0.00816	0.00815	0.00817
483	484	0.00817	0.00817	0.00815	0.00817	0.00816	0.00815	0.00815	0.00816	0.00815	0.00817
484	485	0.00817	0.00817	0.00815	0.00817	0.00816	0.00815	0.00815	0.00816	0.00815	0.00817
485	486	0.00817	0.00817	0.00815	0.00817	0.00816	0.00815	0.00815	0.00816	0.00815	0.00817
486	487	0.00817	0.00817	0.00815	0.00817	0.00816	0.00815	0.00815	0.00816	0.00815	0.00817
487	488	0.00817	0.00817	0.00815	0.00817	0.00816	0.00815	0.00815	0.00816	0.00815	0.00817
488	489	0.00817	0.00817	0.00815	0.00817	0.00816	0.00815	0.00815	0.00816	0.00815	0.00817
489	490	0.00817	0.00817	0.00815	0.00817	0.00816	0.00815	0.00815	0.00816	0.00815	0.00817
490	491	0.00817	0.00817	0.00815	0.00817	0.00816	0.00815	0.00815	0.00816	0.00815	0.00817
491	492	0.00817	0.00817	0.00815	0.00817	0.00816	0.00815	0.00815	0.00816	0.00815	0.00817
492	493	0.00817	0.00817	0.00815	0.00817	0.00816	0.00815	0.00815	0.00816	0.00815	0.00817
493	494	0.00817	0.00817	0.00815	0.00817	0.00816	0.00815	0.00815	0.00816	0.00815	0.00817
494	495	0.00817	0.00817	0.00815	0.00817	0.00816	0.00815	0.00815	0.00816	0.00815	0.00817
495	496	0.00817	0.00817	0.00815	0.00817	0.00816	0.00815	0.00815	0.00816	0.00815	0.00817
496	497	0.00817	0.00817	0.00815	0.00817	0.00816	0.00815	0.00815	0.00816	0.00815	0.00817
497	498	0.00817	0.00817	0.00815	0.00817	0.00816	0.00815	0.00815	0.00816	0.00815	0.00817
498	499	0.00817	0.00817	0.00815	0.00817	0.00816	0.00815	0.00815	0.00816	0.00815	0.00817
499	500	0.00817	0.00817	0.00815	0.00817	0.00816	0.00815	0.00815	0.00816	0.00815	0.00817
500	501	0.00818	0.00818	0.00817	0.00818	0.00818	0.00816	0.00818	0.00818	0.00818	0.00822
501	502	0.00817	0.00817	0.00815	0.00817	0.00816	0.00815	0.00815	0.00816	0.00815	0.00817
502	503	0.00817	0.00817	0.00815	0.00817	0.00816	0.00815	0.00815	0.00816	0.00815	0.00817
503	504	0.00817	0.00817	0.00815	0.00817	0.00816	0.00815	0.00815	0.00816	0.00815	0.00817
504	505	0.00817	0.00817	0.00815	0.00817	0.00816	0.00815	0.00815	0.00816	0.00815	0.00817
505	506	0.00817	0.00817	0.00815	0.00817	0.00817	0.00815	0.00815	0.00816	0.00816	0.00817
506	507	0.00817	0.00817	0.00815	0.00817	0.00816	0.00815	0.00815	0.00816	0.00815	0.00817
507	508	0.00819	0.00818	0.00816	0.00819	0.00817	0.00817	0.00816	0.00817	0.00817	0.00817
508	509	0.00817	0.00817	0.00815	0.00817	0.00816	0.00815	0.00815	0.00816	0.00815	0.00817
509	510	0.00817	0.00817	0.00815	0.00817	0.00816	0.00815	0.00815	0.00816	0.00815	0.00817
510	511	0.00818	0.00819	0.00817	0.00818	0.00817	0.00819	0.00816	0.00818	0.00817	0.00820
511	512	0.00817	0.00817	0.00815	0.00817	0.00816	0.00815	0.00815	0.00816	0.00815	0.00817
512	513	0.00817	0.00817	0.00815	0.00817	0.00816	0.00815	0.00815	0.00816	0.00815	0.00817
513	514	0.00817	0.00817	0.00815	0.00817	0.00816	0.00815	0.00815	0.00816	0.00815	0.00817
514	515	0.00817	0.00817	0.00815	0.00817	0.00816	0.00815	0.00815	0.00816	0.00815	0.00817
515	516	0.00817	0.00817	0.00815	0.00817	0.00816	0.00815	0.00815	0.00816	0.00815	0.00817
516	517	0.00818	0.00819	0.00816	0.00818	0.00817	0.00816	0.00818	0.00818	0.00817	0.00819
517	518	0.00817	0.00818	0.00816	0.00819	0.00817	0.00816	0.00815	0.00816	0.00816	0.00818
518	519	0.00818	0.00818	0.00816	0.00818	0.00818	0.00816	0.00816	0.00817	0.00821	0.00818
519	520	0.00817	0.00817	0.00815	0.00817	0.00816	0.00815	0.00815	0.00816	0.00815	0.00817
520	521	0.00817	0.00817	0.00815	0.00817	0.00816	0.00815	0.00815	0.00816	0.00815	0.00817
521	522	0.00817	0.00817	0.00815	0.00817	0.00816	0.00815	0.00815	0.00816	0.00815	0.00817
522	523	0.00817	0.00817	0.00815	0.00817	0.00816	0.00815	0.00815	0.00816	0.00815	0.00817
523	524	0.00817	0.00817	0.00815	0.00817	0.00816	0.00815	0.00815	0.00816	0.00815	0.00817
524	525	0.00817	0.00817	0.00815	0.00817	0.00816	0.00815	0.00815	0.00816	0.00815	0.00817
525	526	0.00817	0.00817	0.00815	0.00817	0.00816	0.00815	0.00815	0.00816	0.00815	0.00817
526	527	0.00821	0.00821	0.00815	0.00818	0.00817	0.00817	0.00817	0.00819	0.00816	0.00818
527	528	0.00817	0.00817	0.00815	0.00817	0.00816	0.00815	0.00815	0.00816	0.00815	0.00817
528	529	0.00817	0.00817	0.00815	0.00817	0.00816	0.00816	0.00815	0.00816	0.00816	0.00817
529	530	0.00819	0.00819	0.00817	0.00819	0.00817	0.00818	0.00817	0.00818	0.00819	0.00819
530	531	0.00817	0.00817	0.00815	0.00817	0.00816	0.00815	0.00815	0.00816	0.00815	0.00817
531	532	0.00817	0.00817	0.00815	0.00817	0.00816	0.00815	0.00815	0.00816	0.00815	0.00817
532	533	0.00817	0.00817	0.00815	0.00817	0.00816	0.00815	0.00815	0.00816	0.00815	0.00817
533	534	0.00817	0.00817	0.00815	0.00817	0.00816	0.00815	0.00815	0.00816	0.00815	0.00817
534	535	0.00817	0.00817	0.00815	0.00817	0.00816	0.00815	0.00815	0.00816	0.00815	0.00817
535	536	0.00817	0.00817	0.00815	0.00817	0.00816	0.00815	0.00815	0.00816	0.00815	0.00817
536	537	0.00817	0.00817	0.00815	0.00817	0.00816	0.00815	0.00815	0.00816	0.00815	0.00817
537	538	0.00818	0.00818	0.00816	0.00817	0.00817	0.00816	0.00817	0.00816	0.00816	0.00818
538	539	0.00817	0.00817	0.00815	0.00817	0.00816	0.00815	0.00815	0.00816	0.00815	0.00817
539	540	0.00817	0.00817	0.00815	0.00817	0.00816	0.00815	0.00815	0.00816	0.00815	0.00817
540	541	0.00817	0.00817	0.00815	0.00817	0.00816	0.00815	0.00815	0.00816	0.00815	0.00817
541	542	0.00817	0.00817	0.00815	0.00817	0.00816	0.00815	0.00815	0.00816	0.00815	0.00817
542	543	0.00817	0.00817	0.00815	0.00817	0.00816	0.00815	0.00815	0.00816	0.00815	0.00817
543	544	0.00817	0.00817	0.00815	0.00817	0.00816	0.00815	0.00815	0.00816	0.00815	0.00817
544	545	0.00817	0.00817	0.00815	0.00817	0.00816	0.00815	0.00815	0.00816	0.00815	0.00817
545	546	0.00817	0.00817	0.00815	0.00817	0.00816	0.00815	0.00815	0.00816	0.00815	0.00817
546	547	0.00817	0.00817	0.00815	0.00817	0.00816	0.00815	0.00815	0.00816	0.00815	0.00817
547	548	0.00817	0.00817	0.00815	0.00817	0.00816	0.00815	0.00815	0.00816	0.00815	0.00817
548	549	0.00817	0.00817	0.00815	0.00817	0.00816	0.00815	0.00815	0.00816	0.00815	0.00817
549	550	0.00817	0.00817	0.00815	0.00817	0.00816	0.00815	0.00815	0.00816	0.00815	0.00817
550	551	0.00817	0.00817	0.00815	0.00817	0.00816	0.00815	0.00815	0.00816	0.00815	0.00817
551	552	0.00817	0.00817	0.00815	0.00817	0.00816	0.00815	0.00815	0.00816	0.00815	0.00817
552	553	0.00817	0.00817	0.00815	0.00817	0.00816	0.00815	0.00815	0.00816	0.00815	0.00817
553	554	0.00817	0.00817	0.00815	0.00817	0.00816	0.00815	0.00815	0.00816	0.00815	0.00817
554	555	0.00817	0.00817	0.00815	0.00817	0.00816	0.00815	0.00815	0.00816	0.00815	0.00817
555	556	0.00817	0.00817	0.00815	0.00817	0.00816	0.00815	0.00815	0.00816	0.00815	0.00817
556	557	0.00817	0.00817	0.00815	0.00817	0.00816	0.00815	0.00815	0.00816	0.00815	0.00817
557	558	0.00817	0.00817	0.00815	0.00817	0.00816	0.00815	0.00815	0.00816	0.00815	0.00817
558	559	0.00817	0.00819	0.00817	0.00818	0.00818	0.00818	0.00816	0.00817	0.00817	0.00819
559	560	0.00817	0.00817	0.00815	0.00817	0.00816	0.00815	0.00815	0.00816	0.00815	0.00817
560	561	0.00817	0.00817	0.00815	0.00817	0.00816	0.00815	0.00815	0.00816	0.00815	0.00817
561	562	0.00817	0.00817	0.00815	0.00817	0.00816	0.00815	0.00815	0.00816	0.00815	0.00817
562	563	0.00817	0.00817	0.00815	0.00817	0.00816	0.00815	0.00815	0.00816	0.00815	0.00817
563	564	0.00817	0.00817	0.00815	0.00817	0.00816	0.00815	0.00815	0.00816	0.00815	0.00817
564	565	0.00817	0.00817	0.00815	0.00817	0.00816	0.00815	0.00815	0.00816	0.00815	0.00817
565	566	0.00817	0.00817	0.00815	0.00817	0.00816	0.00815	0.00815	0.00816	0.00815	0.00817
566	567	0.00817	0.00817	0.00817	0.00818	0.00817	0.00816	0.00817	0.00816	0.00817	0.00819
567	568	0.00817	0.00817	0.00815	0.00817	0.00816	0.00815	0.00815	0.00816	0.00815	0.00817
568	569	0.00817	0.00817	0.00815	0.00817	0.00816	0.00815	0.00815	0.00816	0.00815	0.00817
569	570	0.00817	0.00817	0.00815	0.00817	0.00816	0.00815	0.00815	0.00816	0.00815	0.00817
570	571	0.00817	0.00817	0.00815	0.00817	0.00816	0.00815	0.00815	0.00816	0.00815	0.00817
571	572	0.00817	0.00817	0.00815	0.00817	0.00816	0.00815	0.00815	0.00816	0.00815	0.00817
572	573	0.00817	0.00817	0.00815	0.00817	0.00816	0.00815	0.00815	0.00816	0.00815	0.00817
573	574	0.00817	0.00817	0.00815	0.00817	0.00816	0.00815	0.00815	0.00816	0.00815	0.00817
574	575	0.00817	0.00817	0.00815	0.00817	0.00816	0.00815	0.00815	0.00816	0.00815	0.00817
575	576	0.00817	0.00817	0.00815	0.00817	0.00816	0.00815	0.00815	0.00816	0.00815	0.00817
576	577	0.00817	0.00817	0.00815	0.00817	0.00816	0.00815	0.00815	0.00816	0.00815	0.00817
577	578	0.00817	0.00817	0.00815	0.00817	0.00816	0.00815	0.00815	0.00816	0.00815	0.00817
578	579	0.00817	0.00817	0.00815	0.00817	0.00816	0.00815	0.00815	0.00816	0.00815	0.00817
579	580	0.00819	0.00818	0.00816	0.00819	0.00817	0.00817	0.00816	0.00817	0.00817	0.00817
580	581	0.00817	0.00817	0.00815	0.00817	0.00816	0.00815	0.00815	0.00816	0.00815	0.00817
581	582	0.00817	0.00817	0.00815	0.00817	0.00816	0.00815	0.00815	0.00816	0.00815	0.00817
582	583	0.00817	0.00817	0.00815	0.00817	0.00816	0.00815	0.00815	0.00816	0.00815	0.00817
583	584	0.00817	0.00817	0.00815	0.00817	0.00816	0.00815	0.00815	0.00816	0.00815	0.00817
584	585	0.00817	0.00817	0.00815	0.00817	0.00816	0.00815	0.00815	0.00816	0.00815	0.00817
585	586	0.00820	0.00819	0.00817	0.00818	0.00831	0.00817	0.00816	0.00817	0.00818	0.00818
586	587	0.00817	0.00817	0.00815	0.00817	0.00816	0.00815	0.00815	0.00816	0.00815	0.00817
587	588	0.00817	0.00817	0.00815	0.00817	0.00816	0.00815	0.00815	0.00816	0.00815	0.00817
588	589	0.00817	0.00817	0.00815	0.00817	0.00816	0.00815	0.00815	0.00816	0.00815	0.00817
589	590	0.00817	0.00817	0.00815	0.00817	0.00816	0.00815	0.00815	0.00816	0.00815	0.00817
590	591	0.00817	0.00817	0.00815	0.00817	0.00816	0.00815	0.00815	0.00816	0.00815	0.00817
591	592	0.00817	0.00817	0.00815	0.00817	0.00816	0.00815	0.00815	0.00816	0.00816	0.00818
592	593	0.00817	0.00817	0.00815	0.00817	0.00816	0.00815	0.00815	0.00816	0.00815	0.00817
593	594	0.00819	0.00818	0.00816	0.00819	0.00817	0.00817	0.00816	0.00817	0.00817	0.00817
594	595	0.00817	0.00817	0.00815	0.00817	0.00816	0.00815	0.00815	0.00816	0.00815	0.00817
595	596	0.00817	0.00817	0.00815	0.00817	0.00816	0.00815	0.00815	0.00816	0.00815	0.00817
596	597	0.00817	0.00817	0.00815	0.00817	0.00816	0.00815	0.00815	0.00816	0.00815	0.00817
597	598	0.00817	0.00817	0.00815	0.00817	0.00816	0.00815	0.00815	0.00816	0.00815	0.00817
598	599	0.00818	0.00819	0.00816	0.00818	0.00819	0.00826	0.00816	0.00816	0.00816	0.00818
599	600	0.00817	0.00817	0.00815	0.00817	0.00816	0.00815	0.00815	0.00816	0.00815	0.00817
600	601	0.00819	0.00818	0.00816	0.00819	0.00817	0.00817	0.00816	0.00817	0.00817	0.00817
601	602	0.00817	0.00817	0.00815	0.00817	0.00816	0.00815	0.00815	0.00816	0.00815	0.00817
602	603	0.00818	0.00818	0.00818	0.00818	0.00817	0.00816	0.00818	0.00818	0.00816	0.00818
603	604	0.00820	0.00821	0.00817	0.00821	0.00821	0.00819	0.00821	0.00823	0.00821	0.00823
604	605	0.00821	0.00823	0.00819	0.00822	0.00822	0.00823	0.00820	0.00818	0.00820	0.00825
605	606	0.00817	0.00817	0.00815	0.00817	0.00816	0.00815	0.00815	0.00816	0.00815	0.00817
606	607	0.00817	0.00817	0.00815	0.00817	0.00816	0.00815	0.00815	0.00816	0.00815	0.00817
607	608	0.00819	0.00819	0.00816	0.00818	0.00817	0.00816	0.00818	0.00819	0.00822	0.00819
608	609	0.00817	0.00817	0.00815	0.00817	0.00816	0.00815	0.00815	0.00816	0.00815	0.00817
609	610	0.00817	0.00817	0.00815	0.00817	0.00816	0.00815	0.00815	0.00816	0.00815	0.00817
610	611	0.00818	0.00818	0.00816	0.00818	0.00817	0.00816	0.00815	0.00816	0.00817	0.00818
611	612	0.00817	0.00817	0.00815	0.00817	0.00816	0.00815	0.00815	0.00816	0.00815	0.00817
612	613	0.00817	0.00817	0.00815	0.00817	0.00816	0.00815	0.00815	0.00816	0.00815	0.00817
613	614	0.00817	0.00817	0.00815	0.00817	0.00816	0.00815	0.00815	0.00816	0.00815	0.00817
614	615	0.00817	0.00817	0.00815	0.00817	0.00816	0.00815	0.00815	0.00816	0.00815	0.00817
615	616	0.00817	0.00818	0.00816	0.00817	0.00818	0.00816	0.00817	0.00817	0.00816	0.00820
616	617	0.00817	0.00817	0.00815	0.00817	0.00816	0.00815	0.00815	0.00816	0.00815	0.00817
617	618	0.00818	0.00818	0.00816	0.00817	0.00817	0.00816	0.00817	0.00816	0.00816	0.00818
618	619	0.00817	0.00817	0.00815	0.00817	0.00816	0.00815	0.00815	0.00816	0.00815	0.00817
619	620	0.00818	0.00820	0.00819	0.00818	0.00823	0.00817	0.00815	0.00816	0.00816	0.00819
620	621	0.00817	0.00817	0.00815	0.00817	0.00816	0.00815	0.00815	0.00816	0.00815	0.00817
621	622	0.00817	0.00817	0.00815	0.00817	0.00816	0.00815	0.00815	0.00816	0.00815	0.00817
622	623	0.00817	0.00817	0.00815	0.00817	0.00816	0.00815	0.00815	0.00816	0.00815	0.00817
623	624	0.00817	0.00817	0.00815	0.00817	0.00816	0.00815	0.00815	0.00816	0.00815	0.00817
624	625	0.00817	0.00817	0.00815	0.00817	0.00816	0.00815	0.00815	0.00816	0.00815	0.00817
625	626	0.00817	0.00817	0.00815	0.00817	0.00816	0.00815	0.00815	0.00816	0.00815	0.00817
626	627	0.00817	0.00817	0.00815	0.00817	0.00816	0.00815	0.00815	0.00816	0.00815	0.00817
627	628	0.00817	0.00817	0.00815	0.00817	0.00816	0.00815	0.00815	0.00816	0.00815	0.00817
628	629	0.00817	0.00817	0.00815	0.00817	0.00816	0.00815	0.00815	0.00816	0.00815	0.00817
629	630	0.00817	0.00817	0.00815	0.00817	0.00816	0.00815	0.00815	0.00816	0.00815	0.00817
630	631	0.00817	0.00817	0.00815	0.00817	0.00816	0.00815	0.00815	0.00816	0.00815	0.00817
631	632	0.00817	0.00817	0.00815	0.00817	0.00816	0.00815	0.00815	0.00816	0.00815	0.00817
632	633	0.00823	0.00829	0.00822	0.00822	0.00828	0.00821	0.00824	0.00829	0.00827	0.00827
633	634	0.00817	0.00817	0.00815	0.00817	0.00816	0.00815	0.00815	0.00816	0.00815	0.00817
634	635	0.00817	0.00817	0.00815	0.00817	0.00816	0.00815	0.00815	0.00816	0.00815	0.00817
635	636	0.00817	0.00817	0.00815	0.00817	0.00816	0.00815	0.00815	0.00816	0.00815	0.00817
636	637	0.00817	0.00817	0.00815	0.00817	0.00816	0.00815	0.00815	0.00816	0.00815	0.00817
637	638	0.00817	0.00817	0.00815	0.00817	0.00816	0.00815	0.00815	0.00816	0.00815	0.00817
638	639	0.00817	0.00817	0.00815	0.00817	0.00816	0.00815	0.00815	0.00816	0.00815	0.00817
639	640	0.00817	0.00817	0.00815	0.00817	0.00816	0.00815	0.00815	0.00816	0.00815	0.00817
640	641	0.00817	0.00817	0.00815	0.00817	0.00816	0.00815	0.00815	0.00816	0.00815	0.00817
641	642	0.00817	0.00817	0.00815	0.00817	0.00816	0.00815	0.00815	0.00816	0.00815	0.00817
642	643	0.00817	0.00817	0.00815	0.00817	0.00816	0.00815	0.00815	0.00816	0.00815	0.00817
643	644	0.00821	0.00825	0.00819	0.00820	0.00821	0.00821	0.00821	0.00823	0.00820	0.00822
644	645	0.00817	0.00817	0.00815	0.00817	0.00816	0.00815	0.00815	0.00816	0.00815	0.00817
645	646	0.00819	0.00819	0.00819	0.00820	0.00820	0.00820	0.00818	0.00819	0.00817	0.00819
646	647	0.00817	0.00817	0.00815	0.00817	0.00816	0.00815	0.00815	0.00816	0.00815	0.00817
647	648	0.00817	0.00817	0.00815	0.00817	0.00816	0.00815	0.00815	0.00816	0.00815	0.00817
648	649	0.00818	0.00817	0.00815	0.00817	0.00818	0.00815	0.00816	0.00817	0.00816	0.00818
649	650	0.00818	0.00819	0.00816	0.00818	0.00817	0.00816	0.00817	0.00817	0.00817	0.00819
650	651	0.00817	0.00817	0.00815	0.00817	0.00816	0.00815	0.00815	0.00816	0.00815	0.00817
651	652	0.00817	0.00817	0.00815	0.00817	0.00816	0.00815	0.00815	0.00816	0.00815	0.00817
652	653	0.00818	0.00819	0.00816	0.00820	0.00817	0.00816	0.00818	0.00817	0.00816	0.00819
653	654	0.00817	0.00817	0.00815	0.00817	0.00816	0.00815	0.00815	0.00816	0.00815	0.00817
654	655	0.00817	0.00817	0.00815	0.00817	0.00816	0.00815	0.00815	0.00816	0.00815	0.00817
655	656	0.00817	0.00818	0.00816	0.00818	0.00817	0.00816	0.00817	0.00818	0.00820	0.00818
656	657	0.00817	0.00817	0.00815	0.00817	0.00816	0.00815	0.00815	0.00816	0.00815	0.00817
657	658	0.00819	0.00823	0.00817	0.00820	0.00821	0.00818	0.00819	0.00818	0.00823	0.00823
658	659	0.00817	0.00817	0.00815	0.00817	0.00816	0.00815	0.00815	0.00816	0.00815	0.00817
659	660	0.00819	0.00817	0.00816	0.00819	0.00817	0.00816	0.00816	0.00817	0.00815	0.00818
660	661	0.00817	0.00817	0.00815	0.00817	0.00816	0.00815	0.00815	0.00816	0.00815	0.00817
661	662	0.00817	0.00817	0.00815	0.00817	0.00816	0.00815	0.00815	0.00816	0.00815	0.00817
662	663	0.00817	0.00817	0.00815	0.00817	0.00816	0.00815	0.00815	0.00816	0.00815	0.00817
663	664	0.00817	0.00817	0.00815	0.00817	0.00816	0.00815	0.00815	0.00816	0.00815	0.00817
664	665	0.00817	0.00817	0.00815	0.00817	0.00816	0.00815	0.00815	0.00816	0.00815	0.00817
665	666	0.00817	0.00817	0.00815	0.00817	0.00816	0.00815	0.00815	0.00816	0.00815	0.00817
666	667	0.00817	0.00817	0.00815	0.00817	0.00816	0.00815	0.00815	0.00816	0.00815	0.00817
667	668	0.00817	0.00817	0.00815	0.00817	0.00816	0.00815	0.00815	0.00816	0.00815	0.00817
668	669	0.00817	0.00817	0.00815	0.00817	0.00816	0.00815	0.00815	0.00816	0.00815	0.00817
669	670	0.00817	0.00817	0.00815	0.00817	0.00816	0.00815	0.00815	0.00816	0.00815	0.00817
670	671	0.00819	0.00818	0.00816	0.00818	0.00818	0.00817	0.00817	0.00817	0.00816	0.00818
671	672	0.00817	0.00817	0.00815	0.00817	0.00816	0.00815	0.00815	0.00816	0.00815	0.00817
672	673	0.00817	0.00817	0.00815	0.00817	0.00816	0.00815	0.00815	0.00816	0.00815	0.00817
673	674	0.00817	0.00817	0.00815	0.00817	0.00816	0.00815	0.00815	0.00816	0.00815	0.00817
674	675	0.00817	0.00817	0.00815	0.00817	0.00816	0.00815	0.00815	0.00816	0.00815	0.00817
675	676	0.00817	0.00817	0.00815	0.00817	0.00816	0.00815	0.00815	0.00816	0.00815	0.00817
676	677	0.00818	0.00818	0.00817	0.00817	0.00818	0.00818	0.00816	0.00817	0.00816	0.00823
677	678	0.00819	0.00818	0.00817	0.00820	0.00822	0.00818	0.00817	0.00819	0.00818	0.00819
678	679	0.00817	0.00817	0.00815	0.00817	0.00816	0.00815	0.00815	0.00816	0.00815	0.00817
679	680	0.00817	0.00817	0.00815	0.00817	0.00816	0.00815	0.00815	0.00816	0.00815	0.00817
680	681	0.00817	0.00817	0.00815	0.00817	0.00816	0.00815	0.00815	0.00816	0.00815	0.00817
681	682	0.00817	0.00817	0.00815	0.00817	0.00816	0.00815	0.00815	0.00816	0.00815	0.00817
682	683	0.00819	0.00818	0.00816	0.00819	0.00817	0.00817	0.00816	0.00817	0.00817	0.00817
683	684	0.00817	0.00817	0.00815	0.00817	0.00816	0.00815	0.00815	0.00816	0.00815	0.00817
684	685	0.00817	0.00817	0.00815	0.00817	0.00816	0.00815	0.00815	0.00816	0.00815	0.00817
685	686	0.00817	0.00817	0.00815	0.00817	0.00816	0.00815	0.00815	0.00816	0.00815	0.00817
686	687	0.00817	0.00817	0.00815	0.00817	0.00816	0.00815	0.00815	0.00816	0.00815	0.00817
687	688	0.00817	0.00817	0.00815	0.00817	0.00816	0.00815	0.00815	0.00816	0.00815	0.00817
688	689	0.00817	0.00817	0.00815	0.00817	0.00816	0.00815	0.00815	0.00816	0.00815	0.00817
689	690	0.00817	0.00817	0.00815	0.00817	0.00816	0.00815	0.00815	0.00816	0.00815	0.00817
690	691	0.00817	0.00817	0.00815	0.00817	0.00816	0.00815	0.00815	0.00816	0.00815	0.00817
691	692	0.00817	0.00817	0.00815	0.00817	0.00816	0.00815	0.00815	0.00816	0.00815	0.00817
692	693	0.00817	0.00817	0.00815	0.00817	0.00816	0.00815	0.00815	0.00816	0.00815	0.00817
693	694	0.00818	0.00819	0.00816	0.00818	0.00817	0.00817	0.00816	0.00819	0.00817	0.00818
694	695	0.00817	0.00817	0.00815	0.00817	0.00816	0.00815	0.00815	0.00816	0.00815	0.00817
695	696	0.00817	0.00817	0.00815	0.00817	0.00816	0.00815	0.00815	0.00816	0.00815	0.00817
696	697	0.00817	0.00817	0.00815	0.00817	0.00816	0.00815	0.00815	0.00816	0.00815	0.00817
697	698	0.00817	0.00817	0.00815	0.00817	0.00816	0.00815	0.00815	0.00816	0.00815	0.00817
698	699	0.00817	0.00817	0.00815	0.00817	0.00816	0.00815	0.00815	0.00816	0.00815	0.00817
699	700	0.00826	0.00819	0.00817	0.00820	0.00818	0.00817	0.00817	0.00817	0.00819	0.00818
700	701	0.00817	0.00817	0.00815	0.00817	0.00816	0.00815	0.00815	0.00816	0.00815	0.00817
701	702	0.00817	0.00817	0.00815	0.00817	0.00816	0.00815	0.00815	0.00816	0.00815	0.00817
702	703	0.00817	0.00817	0.00815	0.00817	0.00816	0.00815	0.00815	0.00816	0.00815	0.00817
703	704	0.00818	0.00818	0.00817	0.00817	0.00818	0.00818	0.00816	0.00817	0.00816	0.00823
704	705	0.00817	0.00817	0.00815	0.00817	0.00816	0.00815	0.00815	0.00816	0.00815	0.00817
705	706	0.00817	0.00817	0.00815	0.00817	0.00816	0.00815	0.00815	0.00816	0.00815	0.00817
706	707	0.00817	0.00817	0.00815	0.00817	0.00816	0.00815	0.00815	0.00816	0.00815	0.00817
707	708	0.00826	0.00822	0.00817	0.00818	0.00819	0.00817	0.00816	0.00817	0.00816	0.00819
708	709	0.00826	0.00824	0.00825	0.00825	0.00826	0.00823	0.00823	0.00824	0.00820	0.00828
709	710	0.00817	0.00817	0.00815	0.00817	0.00816	0.00815	0.00815	0.00816	0.00815	0.00817
710	711	0.00818	0.00820	0.00816	0.00818	0.00816	0.00816	0.00816	0.00819	0.00815	0.00819
711	712	0.00817	0.00817	0.00815	0.00817	0.00816	0.00815	0.00815	0.00816	0.00815	0.00817
712	713	0.00817	0.00817	0.00815	0.00817	0.00816	0.00815	0.00815	0.00816	0.00815	0.00817
713	714	0.00817	0.00817	0.00815	0.00817	0.00816	0.00815	0.00815	0.00816	0.00815	0.00817
714	715	0.00817	0.00817	0.00815	0.00817	0.00816	0.00815	0.00815	0.00816	0.00815	0.00817
715	716	0.00817	0.00817	0.00815	0.00817	0.00816	0.00815	0.00815	0.00816	0.00815	0.00817
716	717	0.00819	0.00819	0.00817	0.00818	0.00818	0.00817	0.00817	0.00817	0.00816	0.00819
717	718	0.00817	0.00817	0.00815	0.00817	0.00816	0.00815	0.00815	0.00816	0.00815	0.00817
718	719	0.00817	0.00817	0.00815	0.00817	0.00816	0.00815	0.00815	0.00816	0.00815	0.00817
719	720	0.00821	0.00822	0.00819	0.00821	0.00821	0.00819	0.00817	0.00818	0.00819	0.00820
720	721	0.00817	0.00817	0.00815	0.00817	0.00816	0.00815	0.00815	0.00816	0.00815	0.00817
721	722	0.00817	0.00817	0.00815	0.00817	0.00816	0.00815	0.00815	0.00816	0.00815	0.00817
722	723	0.00817	0.00817	0.00815	0.00817	0.00816	0.00815	0.00815	0.00816	0.00815	0.00817
723	724	0.00817	0.00817	0.00815	0.00817	0.00816	0.00815	0.00815	0.00816	0.00815	0.00817
724	725	0.00819	0.00821	0.00821	0.00819	0.00823	0.00818	0.00816	0.00819	0.00819	0.00819
725	726	0.00818	0.00819	0.00816	0.00818	0.00822	0.00817	0.00816	0.00816	0.00816	0.00819
726	727	0.00817	0.00817	0.00815	0.00817	0.00816	0.00815	0.00815	0.00816	0.00815	0.00817
727	728	0.00817	0.00817	0.00815	0.00817	0.00816	0.00815	0.00815	0.00816	0.00815	0.00817
728	729	0.00817	0.00817	0.00815	0.00817	0.00816	0.00815	0.00815	0.00816	0.00815	0.00817
729	730	0.00817	0.00817	0.00815	0.00817	0.00816	0.00815	0.00815	0.00816	0.00815	0.00817
730	731	0.00817	0.00817	0.00815	0.00817	0.00816	0.00815	0.00815	0.00816	0.00815	0.00817
731	732	0.00817	0.00817	0.00815	0.00817	0.00816	0.00815	0.00815	0.00816	0.00815	0.00817
732	733	0.00817	0.00817	0.00815	0.00817	0.00816	0.00815	0.00815	0.00816	0.00815	0.00817
733	734	0.00817	0.00817	0.00815	0.00817	0.00816	0.00815	0.00815	0.00816	0.00815	0.00817
734	735	0.00817	0.00817	0.00815	0.00817	0.00816	0.00815	0.00815	0.00816	0.00815	0.00817
735	736	0.00817	0.00817	0.00815	0.00817	0.00816	0.00815	0.00815	0.00816	0.00815	0.00817
736	737	0.00817	0.00817	0.00815	0.00817	0.00816	0.00815	0.00815	0.00816	0.00815	0.00817
737	738	0.00817	0.00817	0.00815	0.00817	0.00816	0.00815	0.00815	0.00816	0.00815	0.00817
738	739	0.00817	0.00817	0.00815	0.00817	0.00816	0.00815	0.00815	0.00816	0.00815	0.00817
739	740	0.00817	0.00817	0.00815	0.00817	0.00816	0.00815	0.00815	0.00816	0.00815	0.00817
740	741	0.00817	0.00817	0.00815	0.00817	0.00816	0.00815	0.00815	0.00816	0.00815	0.00817
741	742	0.00820	0.00818	0.00816	0.00819	0.00820	0.00818	0.00817	0.00818	0.00818	0.00819
742	743	0.00817	0.00817	0.00815	0.00817	0.00816	0.00815	0.00815	0.00816	0.00815	0.00817
743	744	0.00817	0.00817	0.00815	0.00817	0.00816	0.00815	0.00815	0.00816	0.00815	0.00817
744	745	0.00817	0.00817	0.00815	0.00817	0.00816	0.00815	0.00815	0.00816	0.00815	0.00817
745	746	0.00817	0.00817	0.00815	0.00817	0.00816	0.00815	0.00815	0.00816	0.00815	0.00817
746	747	0.00817	0.00817	0.00815	0.00817	0.00816	0.00815	0.00815	0.00816	0.00815	0.00817
747	748	0.00819	0.00818	0.00817	0.00819	0.00819	0.00817	0.00818	0.00818	0.00824	0.00820
748	749	0.00817	0.00817	0.00815	0.00817	0.00816	0.00815	0.00815	0.00816	0.00815	0.00817
749	750	0.00817	0.00817	0.00815	0.00817	0.00816	0.00815	0.00815	0.00816	0.00815	0.00817
750	751	0.00817	0.00817	0.00815	0.00817	0.00816	0.00815	0.00815	0.00816	0.00815	0.00817
751	752	0.00817	0.00817	0.00815	0.00817	0.00816	0.00815	0.00815	0.00816	0.00815	0.00817
752	753	0.00817	0.00817	0.00815	0.00817	0.00816	0.00815	0.00815	0.00816	0.00815	0.00817
753	754	0.00818	0.00818	0.00817	0.00817	0.00818	0.00818	0.00816	0.00817	0.00816	0.00823
754	755	0.00817	0.00817	0.00815	0.00817	0.00816	0.00815	0.00815	0.00816	0.00815	0.00817
755	756	0.00817	0.00817	0.00815	0.00817	0.00816	0.00815	0.00815	0.00816	0.00815	0.00817
756	757	0.00820	0.00819	0.00818	0.00822	0.00818	0.00820	0.00817	0.00820	0.00818	0.00818
757	758	0.00817	0.00817	0.00815	0.00817	0.00816	0.00815	0.00815	0.00816	0.00815	0.00817
758	759	0.00817	0.00817	0.00815	0.00817	0.00816	0.00815	0.00815	0.00816	0.00815	0.00817
759	760	0.00817	0.00817	0.00815	0.00817	0.00816	0.00815	0.00815	0.00816	0.00815	0.00817
760	761	0.00821	0.00820	0.00821	0.00823	0.00819	0.00821	0.00822	0.00822	0.00822	0.00833
761	762	0.00817	0.00817	0.00815	0.00817	0.00816	0.00815	0.00815	0.00816	0.00815	0.00817
762	763	0.00817	0.00817	0.00815	0.00817	0.00816	0.00815	0.00815	0.00816	0.00815	0.00817
763	764	0.00817	0.00817	0.00815	0.00817	0.00816	0.00815	0.00815	0.00816	0.00815	0.00817
764	765	0.00817	0.00817	0.00815	0.00817	0.00816	0.00815	0.00815	0.00816	0.00815	0.00817
765	766	0.00817	0.00817	0.00815	0.00817	0.00816	0.00815	0.00815	0.00816	0.00815	0.00817
766	767	0.00817	0.00817	0.00815	0.00817	0.00816	0.00815	0.00815	0.00816	0.00815	0.00817
767	768	0.00817	0.00817	0.00815	0.00817	0.00816	0.00815	0.00815	0.00816	0.00815	0.00817
768	769	0.00817	0.00817	0.00815	0.00817	0.00816	0.00815	0.00815	0.00816	0.00815	0.00817
769	770	0.00817	0.00817	0.00815	0.00817	0.00816	0.00815	0.00815	0.00816	0.00815	0.00817
770	771	0.00817	0.00817	0.00815	0.00817	0.00816	0.00815	0.00815	0.00816	0.00815	0.00817
771	772	0.00817	0.00817	0.00815	0.00817	0.00816	0.00815	0.00815	0.00816	0.00815	0.00817
772	773	0.00817	0.00817	0.00815	0.00817	0.00816	0.00815	0.00815	0.00816	0.00815	0.00817
773	774	0.00817	0.00833	0.00816	0.00818	0.00818	0.00816	0.00816	0.00816	0.00819	0.00819
774	775	0.00817	0.00817	0.00815	0.00817	0.00816	0.00815	0.00815	0.00816	0.00815	0.00817
775	776	0.00817	0.00817	0.00815	0.00817	0.00816	0.00815	0.00815	0.00816	0.00815	0.00817
776	777	0.00817	0.00817	0.00815	0.00817	0.00816	0.00815	0.00815	0.00816	0.00815	0.00817
777	778	0.00817	0.00817	0.00815	0.00817	0.00816	0.00815	0.00815	0.00816	0.00815	0.00817
778	779	0.00817	0.00817	0.00815	0.00817	0.00816	0.00815	0.00815	0.00816	0.00815	0.00817
779	780	0.00817	0.00817	0.00815	0.00817	0.00816	0.00815	0.00815	0.00816	0.00815	0.00817
780	781	0.00817	0.00817	0.00815	0.00817	0.00816	0.00815	0.00815	0.00816	0.00815	0.00817
781	782	0.00817	0.00817	0.00815	0.00817	0.00816	0.00815	0.00815	0.00816	0.00815	0.00817
782	783	0.00817	0.00817	0.00815	0.00817	0.00816	0.00815	0.00815	0.00816	0.00815	0.00817
783	784	0.00817	0.00817	0.00815	0.00817	0.00816	0.00815	0.00815	0.00816	0.00815	0.00817
784	785	0.00818	0.00819	0.00815	0.00822	0.00818	0.00817	0.00816	0.00816	0.00818	0.00822
785	786	0.00817	0.00817	0.00815	0.00817	0.00816	0.00815	0.00815	0.00816	0.00815	0.00817
786	787	0.00817	0.00817	0.00815	0.00817	0.00816	0.00815	0.00815	0.00816	0.00815	0.00817
787	788	0.00820	0.00823	0.00820	0.00820	0.00824	0.00819	0.00818	0.00818	0.00817	0.00825
788	789	0.00817	0.00817	0.00815	0.00817	0.00816	0.00815	0.00815	0.00816	0.00815	0.00817
789	790	0.00817	0.00818	0.00815	0.00818	0.00816	0.00816	0.00815	0.00817	0.00816	0.00818
790	791	0.00817	0.00817	0.00815	0.00817	0.00816	0.00815	0.00815	0.00816	0.00815	0.00817
791	792	0.00817	0.00817	0.00815	0.00817	0.00816	0.00815	0.00815	0.00816	0.00815	0.00817
792	793	0.00818	0.00818	0.00816	0.00818	0.00816	0.00816	0.00817	0.00821	0.00818	0.00818
793	794	0.00826	0.00839	0.00824	0.00829	0.00823	0.00821	0.00819	0.00821	0.00823	0.00823
794	795	0.00817	0.00817	0.00815	0.00817	0.00816	0.00815	0.00815	0.00816	0.00815	0.00817
795	796	0.00817	0.00817	0.00815	0.00817	0.00816	0.00815	0.00815	0.00816	0.00815	0.00817
796	797	0.00817	0.00817	0.00815	0.00817	0.00816	0.00815	0.00815	0.00816	0.00815	0.00817
797	798	0.00817	0.00818	0.00819	0.00822	0.00819	0.00817	0.00818	0.00816	0.00818	0.00820
798	799	0.00817	0.00817	0.00815	0.00817	0.00816	0.00815	0.00815	0.00816	0.00815	0.00817
799	800	0.00817	0.00817	0.00815	0.00817	0.00816	0.00815	0.00815	0.00816	0.00815	0.00817
800	801	0.00817	0.00817	0.00815	0.00817	0.00816	0.00815	0.00815	0.00816	0.00815	0.00817
801	802	0.00817	0.00817	0.00815	0.00817	0.00816	0.00815	0.00815	0.00816	0.00815	0.00817
802	803	0.00817	0.00817	0.00815	0.00817	0.00816	0.00815	0.00815	0.00816	0.00815	0.00817
803	804	0.00817	0.00817	0.00815	0.00817	0.00816	0.00815	0.00815	0.00816	0.00815	0.00817
804	805	0.00817	0.00817	0.00815	0.00817	0.00816	0.00815	0.00815	0.00816	0.00815	0.00817
805	806	0.00819	0.00820	0.00816	0.00822	0.00818	0.00817	0.00820	0.00819	0.00817	0.00820
806	807	0.00817	0.00817	0.00815	0.00817	0.00816	0.00815	0.00815	0.00816	0.00815	0.00817
807	808	0.00817	0.00817	0.00815	0.00817	0.00816	0.00815	0.00815	0.00816	0.00815	0.00817
808	809	0.00817	0.00823	0.00817	0.00818	0.00820	0.00818	0.00817	0.00816	0.00817	0.00821
809	810	0.00817	0.00817	0.00815	0.00817	0.00816	0.00815	0.00815	0.00816	0.00815	0.00817
810	811	0.00818	0.00820	0.00817	0.00820	0.00817	0.00817	0.00816	0.00816	0.00818	0.00825
811	812	0.00817	0.00817	0.00815	0.00817	0.00816	0.00815	0.00815	0.00816	0.00815	0.00817
812	813	0.00817	0.00817	0.00815	0.00817	0.00816	0.00815	0.00815	0.00816	0.00815	0.00817
813	814	0.00817	0.00817	0.00815	0.00817	0.00816	0.00815	0.00815	0.00816	0.00815	0.00817
814	815	0.00817	0.00817	0.00815	0.00817	0.00816	0.00815	0.00815	0.00816	0.00815	0.00817
815	816	0.00817	0.00817	0.00815	0.00817	0.00816	0.00815	0.00815	0.00816	0.00815	0.00817
816	817	0.00817	0.00817	0.00815	0.00817	0.00816	0.00815	0.00815	0.00816	0.00815	0.00817
817	818	0.00817	0.00817	0.00815	0.00817	0.00816	0.00815	0.00815	0.00816	0.00815	0.00817
818	819	0.00817	0.00817	0.00815	0.00817	0.00816	0.00815	0.00815	0.00816	0.00815	0.00817
819	820	0.00817	0.00817	0.00815	0.00817	0.00816	0.00815	0.00815	0.00816	0.00815	0.00817
820	821	0.00817	0.00817	0.00815	0.00817	0.00816	0.00815	0.00815	0.00816	0.00815	0.00817
821	822	0.00817	0.00817	0.00815	0.00817	0.00816	0.00815	0.00815	0.00816	0.00815	0.00817
822	823	0.00817	0.00817	0.00815	0.00817	0.00816	0.00815	0.00815	0.00816	0.00815	0.00817
823	824	0.00817	0.00817	0.00815	0.00817	0.00816	0.00815	0.00815	0.00816	0.00815	0.00817
824	825	0.00817	0.00817	0.00815	0.00817	0.00816	0.00815	0.00815	0.00816	0.00815	0.00817
825	826	0.00817	0.00817	0.00815	0.00817	0.00816	0.00815	0.00815	0.00816	0.00815	0.00817
826	827	0.00817	0.00817	0.00815	0.00817	0.00816	0.00815	0.00815	0.00816	0.00815	0.00817
827	828	0.00817	0.00817	0.00815	0.00817	0.00816	0.00815	0.00815	0.00816	0.00815	0.00817
828	829	0.00817	0.00817	0.00815	0.00817	0.00816	0.00815	0.00815	0.00816	0.00815	0.00817
829	830	0.00817	0.00818	0.00816	0.00817	0.00817	0.00816	0.00818	0.00817	0.00816	0.00820
830	831	0.00831	0.00830	0.00836	0.00832	0.00831	0.00834	0.00831	0.00831	0.00828	0.00842
831	832	0.00817	0.00817	0.00815	0.00817	0.00816	0.00815	0.00815	0.00816	0.00815	0.00817
832	833	0.00817	0.00817	0.00815	0.00817	0.00816	0.00815	0.00815	0.00816	0.00815	0.00817
833	834	0.00817	0.00817	0.00815	0.00817	0.00816	0.00815	0.00815	0.00816	0.00815	0.00817
834	835	0.00817	0.00817	0.00815	0.00817	0.00816	0.00815	0.00815	0.00816	0.00815	0.00817
835	836	0.00817	0.00817	0.00815	0.00817	0.00816	0.00815	0.00815	0.00816	0.00815	0.00817
836	837	0.00817	0.00817	0.00815	0.00817	0.00816	0.00815	0.00815	0.00816	0.00815	0.00817
837	838	0.00817	0.00817	0.00815	0.00817	0.00816	0.00815	0.00815	0.00816	0.00815	0.00817
838	839	0.00817	0.00817	0.00815	0.00817	0.00816	0.00815	0.00815	0.00816	0.00815	0.00817
839	840	0.00821	0.00819	0.00819	0.00818	0.00818	0.00817	0.00816	0.00817	0.00816	0.00819
840	841	0.00817	0.00817	0.00815	0.00817	0.00816	0.00815	0.00815	0.00816	0.00815	0.00817
841	842	0.00817	0.00817	0.00815	0.00817	0.00816	0.00815	0.00815	0.00816	0.00815	0.00817
842	843	0.00817	0.00817	0.00815	0.00817	0.00816	0.00815	0.00815	0.00816	0.00815	0.00817
843	844	0.00817	0.00817	0.00815	0.00817	0.00816	0.00815	0.00815	0.00816	0.00815	0.00817
844	845	0.00827	0.00833	0.00826	0.00831	0.00833	0.00824	0.00825	0.00826	0.00828	0.00831
845	846	0.00817	0.00817	0.00815	0.00817	0.00816	0.00815	0.00815	0.00816	0.00815	0.00817
846	847	0.00817	0.00817	0.00815	0.00817	0.00816	0.00815	0.00815	0.00816	0.00815	0.00817
847	848	0.00817	0.00817	0.00815	0.00817	0.00816	0.00815	0.00815	0.00816	0.00815	0.00817
848	849	0.00817	0.00817	0.00815	0.00817	0.00816	0.00815	0.00815	0.00816	0.00815	0.00817
849	850	0.00817	0.00817	0.00815	0.00817	0.00816	0.00815	0.00815	0.00816	0.00815	0.00817
850	851	0.00817	0.00817	0.00815	0.00817	0.00816	0.00815	0.00815	0.00816	0.00815	0.00817
851	852	0.00817	0.00817	0.00815	0.00817	0.00816	0.00815	0.00815	0.00816	0.00815	0.00817
852	853	0.00817	0.00817	0.00815	0.00817	0.00816	0.00815	0.00815	0.00816	0.00815	0.00817
853	854	0.00817	0.00817	0.00815	0.00817	0.00816	0.00815	0.00815	0.00816	0.00815	0.00817
854	855	0.00817	0.00817	0.00815	0.00817	0.00816	0.00815	0.00815	0.00816	0.00815	0.00817
855	856	0.00819	0.00818	0.00816	0.00819	0.00817	0.00817	0.00816	0.00817	0.00817	0.00817
856	857	0.00817	0.00817	0.00815	0.00817	0.00816	0.00815	0.00815	0.00816	0.00815	0.00817
857	858	0.00817	0.00817	0.00815	0.00817	0.00816	0.00815	0.00815	0.00816	0.00816	0.00818
858	859	0.00817	0.00817	0.00815	0.00817	0.00816	0.00815	0.00815	0.00816	0.00815	0.00817
859	860	0.00817	0.00817	0.00815	0.00817	0.00816	0.00815	0.00815	0.00816	0.00815	0.00817
860	861	0.00817	0.00817	0.00815	0.00817	0.00816	0.00815	0.00815	0.00816	0.00815	0.00817
861	862	0.00817	0.00817	0.00815	0.00817	0.00816	0.00815	0.00815	0.00816	0.00815	0.00817
862	863	0.00817	0.00817	0.00815	0.00817	0.00816	0.00815	0.00815	0.00816	0.00815	0.00817
863	864	0.00817	0.00817	0.00815	0.00817	0.00816	0.00815	0.00815	0.00816	0.00815	0.00817
864	865	0.00817	0.00817	0.00815	0.00817	0.00816	0.00815	0.00815	0.00816	0.00815	0.00817
865	866	0.00817	0.00817	0.00815	0.00817	0.00816	0.00815	0.00815	0.00816	0.00815	0.00817
866	867	0.00818	0.00818	0.00817	0.00818	0.00818	0.00816	0.00818	0.00818	0.00818	0.00822
867	868	0.00817	0.00817	0.00815	0.00817	0.00816	0.00815	0.00815	0.00816	0.00815	0.00817
868	869	0.00817	0.00817	0.00815	0.00817	0.00816	0.00815	0.00815	0.00816	0.00815	0.00817
869	870	0.00817	0.00817	0.00815	0.00817	0.00816	0.00815	0.00815	0.00816	0.00815	0.00817
870	871	0.00819	0.00821	0.00817	0.00825	0.00818	0.00817	0.00821	0.00819	0.00820	0.00823
871	872	0.00817	0.00817	0.00815	0.00817	0.00816	0.00815	0.00815	0.00816	0.00815	0.00817
872	873	0.00817	0.00817	0.00815	0.00817	0.00816	0.00815	0.00815	0.00816	0.00815	0.00817
873	874	0.00817	0.00817	0.00815	0.00817	0.00816	0.00815	0.00815	0.00816	0.00815	0.00817
874	875	0.00818	0.00819	0.00816	0.00818	0.00817	0.00816	0.00818	0.00820	0.00817	0.00818
875	876	0.00817	0.00817	0.00815	0.00817	0.00816	0.00815	0.00815	0.00816	0.00815	0.00817
876	877	0.00817	0.00817	0.00815	0.00817	0.00816	0.00815	0.00815	0.00816	0.00815	0.00817
877	878	0.00817	0.00817	0.00815	0.00817	0.00816	0.00815	0.00815	0.00816	0.00815	0.00817
878	879	0.00817	0.00817	0.00815	0.00817	0.00816	0.00815	0.00815	0.00816	0.00815	0.00817
879	880	0.00817	0.00817	0.00815	0.00817	0.00816	0.00815	0.00815	0.00816	0.00815	0.00817
880	881	0.00817	0.00817	0.00815	0.00817	0.00816	0.00815	0.00815	0.00816	0.00815	0.00817
881	882	0.00817	0.00817	0.00815	0.00817	0.00816	0.00815	0.00815	0.00816	0.00815	0.00817
882	883	0.00817	0.00817	0.00815	0.00817	0.00816	0.00815	0.00815	0.00816	0.00815	0.00817
883	884	0.00817	0.00817	0.00815	0.00817	0.00816	0.00815	0.00815	0.00816	0.00815	0.00817
884	885	0.00817	0.00817	0.00815	0.00817	0.00816	0.00815	0.00815	0.00816	0.00815	0.00817
885	886	0.00817	0.00817	0.00815	0.00817	0.00816	0.00815	0.00815	0.00816	0.00815	0.00817
886	887	0.00817	0.00817	0.00815	0.00817	0.00816	0.00815	0.00815	0.00816	0.00815	0.00817
887	888	0.00817	0.00817	0.00815	0.00817	0.00816	0.00815	0.00815	0.00816	0.00815	0.00817
888	889	0.00817	0.00817	0.00815	0.00817	0.00816	0.00815	0.00815	0.00816	0.00815	0.00817
889	890	0.00817	0.00817	0.00815	0.00817	0.00816	0.00815	0.00815	0.00816	0.00815	0.00817
890	891	0.00819	0.00818	0.00816	0.00819	0.00817	0.00817	0.00816	0.00817	0.00817	0.00817
891	892	0.00817	0.00817	0.00815	0.00817	0.00816	0.00815	0.00815	0.00816	0.00815	0.00817
892	893	0.00817	0.00817	0.00815	0.00817	0.00816	0.00815	0.00815	0.00816	0.00815	0.00817
893	894	0.00817	0.00817	0.00815	0.00817	0.00816	0.00815	0.00815	0.00816	0.00815	0.00817
894	895	0.00817	0.00817	0.00815	0.00817	0.00816	0.00815	0.00815	0.00816	0.00815	0.00817
895	896	0.00817	0.00817	0.00815	0.00817	0.00816	0.00815	0.00815	0.00816	0.00815	0.00817
896	897	0.00817	0.00817	0.00815	0.00817	0.00816	0.00815	0.00815	0.00816	0.00815	0.00817
897	898	0.00817	0.00817	0.00815	0.00817	0.00816	0.00815	0.00815	0.00816	0.00815	0.00817
898	899	0.00817	0.00817	0.00815	0.00817	0.00816	0.00815	0.00815	0.00816	0.00815	0.00817
899	900	0.00817	0.00817	0.00815	0.00817	0.00816	0.00815	0.00815	0.00816	0.00815	0.00817
900	901	0.00817	0.00817	0.00815	0.00820	0.00817	0.00816	0.00815	0.00816	0.00816	0.00818
901	902	0.00817	0.00817	0.00815	0.00817	0.00816	0.00815	0.00815	0.00816	0.00815	0.00817
902	903	0.00817	0.00817	0.00815	0.00817	0.00816	0.00815	0.00815	0.00816	0.00815	0.00817
903	904	0.00817	0.00817	0.00815	0.00817	0.00816	0.00815	0.00815	0.00816	0.00815	0.00817
904	905	0.00817	0.00817	0.00815	0.00817	0.00816	0.00815	0.00815	0.00816	0.00815	0.00817
905	906	0.00817	0.00833	0.00816	0.00818	0.00818	0.00816	0.00816	0.00816	0.00819	0.00819
906	907	0.00817	0.00817	0.00815	0.00817	0.00816	0.00815	0.00815	0.00816	0.00815	0.00817
907	908	0.00817	0.00817	0.00815	0.00817	0.00816	0.00815	0.00815	0.00816	0.00815	0.00817
908	909	0.00817	0.00817	0.00815	0.00817	0.00816	0.00815	0.00815	0.00816	0.00815	0.00817
909	910	0.00817	0.00817	0.00815	0.00817	0.00816	0.00815	0.00815	0.00816	0.00815	0.00817
910	911	0.00856	0.00843	0.00840	0.00847	0.00844	0.00837	0.00842	0.00838	0.00834	0.00839
911	912	0.00817	0.00817	0.00815	0.00817	0.00816	0.00815	0.00815	0.00816	0.00815	0.00817
912	913	0.00817	0.00817	0.00815	0.00817	0.00816	0.00815	0.00815	0.00816	0.00815	0.00817
913	914	0.00817	0.00817	0.00815	0.00817	0.00816	0.00815	0.00815	0.00816	0.00815	0.00817
914	915	0.00818	0.00818	0.00818	0.00818	0.00817	0.00818	0.00817	0.00818	0.00816	0.00820
915	916	0.00817	0.00817	0.00815	0.00817	0.00816	0.00815	0.00815	0.00816	0.00815	0.00817
916	917	0.00817	0.00817	0.00815	0.00817	0.00816	0.00815	0.00815	0.00816	0.00815	0.00817
917	918	0.00817	0.00817	0.00815	0.00817	0.00816	0.00815	0.00815	0.00816	0.00815	0.00817
918	919	0.00819	0.00818	0.00816	0.00819	0.00820	0.00818	0.00816	0.00816	0.00817	0.00818
919	920	0.00817	0.00817	0.00815	0.00817	0.00816	0.00815	0.00815	0.00816	0.00815	0.00817
920	921	0.00825	0.00820	0.00821	0.00819	0.00820	0.00817	0.00821	0.00817	0.00819	0.00819
921	922	0.00817	0.00817	0.00815	0.00817	0.00816	0.00815	0.00815	0.00816	0.00815	0.00817
922	923	0.00817	0.00817	0.00815	0.00817	0.00816	0.00815	0.00815	0.00816	0.00815	0.00817
923	924	0.00817	0.00817	0.00815	0.00817	0.00816	0.00815	0.00815	0.00816	0.00815	0.00817
924	925	0.00817	0.00818	0.00816	0.00818	0.00817	0.00817	0.00819	0.00818	0.00816	0.00818
925	926	0.00817	0.00817	0.00815	0.00817	0.00816	0.00815	0.00815	0.00816	0.00815	0.00817
926	927	0.00817	0.00817	0.00815	0.00817	0.00816	0.00815	0.00815	0.00816	0.00815	0.00817
927	928	0.00819	0.00818	0.00816	0.00820	0.00818	0.00817	0.00816	0.00817	0.00816	0.00821
928	929	0.00817	0.00817	0.00815	0.00817	0.00816	0.00815	0.00815	0.00816	0.00815	0.00817
929	930	0.00819	0.00824	0.00820	0.00820	0.00819	0.00817	0.00818	0.00817	0.00818	0.00820
930	931	0.00817	0.00817	0.00815	0.00817	0.00816	0.00815	0.00815	0.00816	0.00815	0.00817
931	932	0.00817	0.00817	0.00815	0.00817	0.00816	0.00815	0.00815	0.00816	0.00815	0.00817
932	933	0.00817	0.00817	0.00815	0.00817	0.00816	0.00815	0.00815	0.00816	0.00815	0.00817
933	934	0.00817	0.00817	0.00815	0.00817	0.00816	0.00815	0.00815	0.00816	0.00815	0.00817
934	935	0.00817	0.00817	0.00815	0.00817	0.00816	0.00815	0.00815	0.00816	0.00815	0.00817
935	936	0.00913	0.00879	0.00868	0.00889	0.00876	0.00876	0.00881	0.00893	0.00886	0.00881
936	937	0.00817	0.00817	0.00815	0.00817	0.00816	0.00815	0.00815	0.00816	0.00815	0.00817
937	938	0.00817	0.00817	0.00815	0.00817	0.00816	0.00815	0.00815	0.00816	0.00815	0.00817
938	939	0.00817	0.00817	0.00815	0.00817	0.00816	0.00815	0.00815	0.00816	0.00815	0.00817
939	940	0.00817	0.00817	0.00815	0.00817	0.00816	0.00815	0.00815	0.00816	0.00815	0.00817
940	941	0.00817	0.00819	0.00816	0.00817	0.00819	0.00817	0.00816	0.00817	0.00816	0.00819
941	942	0.00818	0.00819	0.00816	0.00818	0.00817	0.00816	0.00816	0.00816	0.00816	0.00817
942	943	0.00817	0.00817	0.00815	0.00817	0.00816	0.00815	0.00815	0.00816	0.00815	0.00817
943	944	0.00817	0.00817	0.00815	0.00817	0.00816	0.00815	0.00815	0.00816	0.00815	0.00817
944	945	0.00817	0.00817	0.00815	0.00817	0.00816	0.00815	0.00815	0.00816	0.00815	0.00817
945	946	0.00818	0.00840	0.00820	0.00819	0.00817	0.00818	0.00818	0.00817	0.00818	0.00820
946	947	0.00817	0.00817	0.00815	0.00817	0.00816	0.00815	0.00815	0.00816	0.00815	0.00817
947	948	0.00817	0.00817	0.00815	0.00817	0.00816	0.00815	0.00815	0.00816	0.00815	0.00817
948	949	0.00817	0.00817	0.00815	0.00817	0.00816	0.00815	0.00815	0.00816	0.00815	0.00817
949	950	0.00817	0.00817	0.00815	0.00817	0.00816	0.00815	0.00815	0.00816	0.00815	0.00817
950	951	0.00817	0.00817	0.00815	0.00817	0.00816	0.00815	0.00815	0.00816	0.00815	0.00817
951	952	0.00817	0.00817	0.00815	0.00817	0.00816	0.00815	0.00815	0.00816	0.00815	0.00817
952	953	0.00817	0.00817	0.00815	0.00817	0.00816	0.00815	0.00815	0.00816	0.00815	0.00817
953	954	0.00817	0.00817	0.00815	0.00817	0.00816	0.00815	0.00815	0.00816	0.00815	0.00817
954	955	0.00817	0.00817	0.00815	0.00817	0.00816	0.00815	0.00815	0.00816	0.00815	0.00817
955	956	0.00818	0.00817	0.00816	0.00818	0.00817	0.00816	0.00816	0.00817	0.00816	0.00818
956	957	0.00817	0.00817	0.00815	0.00817	0.00816	0.00815	0.00815	0.00816	0.00815	0.00817
957	958	0.00817	0.00817	0.00815	0.00817	0.00816	0.00815	0.00815	0.00816	0.00815	0.00817
958	959	0.00817	0.00817	0.00815	0.00817	0.00816	0.00815	0.00815	0.00816	0.00815	0.00817
959	960	0.00817	0.00817	0.00815	0.00817	0.00816	0.00815	0.00815	0.00816	0.00815	0.00817
960	961	0.00817	0.00817	0.00815	0.00817	0.00816	0.00815	0.00815	0.00816	0.00815	0.00817
961	962	0.00817	0.00817	0.00815	0.00817	0.00816	0.00815	0.00815	0.00816	0.00815	0.00817
962	963	0.00817	0.00817	0.00815	0.00817	0.00816	0.00815	0.00815	0.00816	0.00815	0.00817
963	964	0.00817	0.00817	0.00815	0.00817	0.00816	0.00815	0.00815	0.00816	0.00815	0.00817
964	965	0.00817	0.00817	0.00815	0.00817	0.00816	0.00815	0.00815	0.00816	0.00815	0.00817
965	966	0.00817	0.00817	0.00815	0.00817	0.00816	0.00815	0.00815	0.00816	0.00815	0.00817
966	967	0.00817	0.00817	0.00815	0.00817	0.00816	0.00815	0.00815	0.00816	0.00815	0.00817
967	968	0.00817	0.00819	0.00816	0.00818	0.00820	0.00819	0.00816	0.00816	0.00816	0.00818
968	969	0.00817	0.00817	0.00815	0.00817	0.00816	0.00815	0.00815	0.00816	0.00815	0.00817
969	970	0.00817	0.00817	0.00815	0.00817	0.00816	0.00815	0.00815	0.00816	0.00815	0.00817
970	971	0.00817	0.00817	0.00815	0.00817	0.00816	0.00815	0.00815	0.00816	0.00815	0.00817
971	972	0.00817	0.00817	0.00815	0.00817	0.00816	0.00815	0.00815	0.00816	0.00815	0.00817
972	973	0.00817	0.00817	0.00815	0.00817	0.00816	0.00815	0.00815	0.00816	0.00815	0.00817
973	974	0.00818	0.00819	0.00816	0.00818	0.00817	0.00816	0.00818	0.00820	0.00817	0.00818
974	975	0.00817	0.00817	0.00815	0.00817	0.00816	0.00815	0.00815	0.00816	0.00815	0.00817
975	976	0.00817	0.00817	0.00815	0.00817	0.00816	0.00815	0.00815	0.00816	0.00815	0.00817
976	977	0.00817	0.00817	0.00815	0.00817	0.00816	0.00815	0.00815	0.00816	0.00815	0.00817
977	978	0.00817	0.00817	0.00815	0.00817	0.00816	0.00815	0.00815	0.00816	0.00815	0.00817
978	979	0.00817	0.00817	0.00815	0.00817	0.00816	0.00815	0.00815	0.00816	0.00815	0.00817
979	980	0.00817	0.00817	0.00815	0.00817	0.00816	0.00815	0.00815	0.00816	0.00815	0.00817
980	981	0.00823	0.00824	0.00821	0.00823	0.00818	0.00818	0.00820	0.00817	0.00821	0.00820
981	982	0.00817	0.00817	0.00815	0.00817	0.00816	0.00815	0.00815	0.00816	0.00815	0.00817
982	983	0.00817	0.00817	0.00815	0.00817	0.00816	0.00815	0.00815	0.00816	0.00815	0.00817
983	984	0.00817	0.00817	0.00815	0.00817	0.00816	0.00815	0.00815	0.00816	0.00815	0.00817
984	985	0.00817	0.00817	0.00815	0.00817	0.00816	0.00815	0.00815	0.00816	0.00815	0.00817
985	986	0.00817	0.00817	0.00815	0.00817	0.00816	0.00815	0.00815	0.00816	0.00815	0.00817
986	987	0.00817	0.00817	0.00815	0.00817	0.00816	0.00815	0.00815	0.00816	0.00815	0.00817
987	988	0.00819	0.00824	0.00821	0.00823	0.00819	0.00822	0.00818	0.00819	0.00819	0.00821
988	989	0.00817	0.00817	0.00815	0.00817	0.00816	0.00815	0.00815	0.00816	0.00815	0.00817
989	990	0.00817	0.00817	0.00815	0.00817	0.00816	0.00815	0.00815	0.00816	0.00815	0.00817
990	991	0.00817	0.00817	0.00815	0.00817	0.00816	0.00815	0.00815	0.00816	0.00815	0.00817
991	992	0.00817	0.00817	0.00815	0.00817	0.00816	0.00815	0.00815	0.00816	0.00815	0.00817
992	993	0.00817	0.00817	0.00815	0.00817	0.00816	0.00815	0.00815	0.00816	0.00815	0.00817
993	994	0.00818	0.00820	0.00819	0.00818	0.00823	0.00817	0.00815	0.00816	0.00816	0.00819
994	995	0.00817	0.00817	0.00815	0.00817	0.00816	0.00815	0.00815	0.00816	0.00815	0.00817
995	996	0.00817	0.00817	0.00815	0.00817	0.00816	0.00815	0.00815	0.00816	0.00815	0.00817
996	997	0.00817	0.00817	0.00815	0.00817	0.00816	0.00815	0.00815	0.00816	0.00815	0.00817
997	998	0.00817	0.00818	0.00815	0.00817	0.00817	0.00816	0.00816	0.00817	0.00816	0.00817
998	999	0.00850	0.00859	0.00854	0.00856	0.00844	0.00856	0.00846	0.00853	0.00848	0.00856
999	1000	0.00817	0.00817	0.00815	0.00817	0.00816	0.00815	0.00815	0.00816	0.00815	0.00817
